AC_NO,AC_NAME,NAME,PARTY,VOTES
1,Abdasa,JADEJA PRADHYUMANSINH MAHIPATSINH,INC,73312
1,Abdasa,CHHABILBHAI NARANBHAI PATEL,BJP,63566
1,Abdasa,RAJESH SHAMJI MAHESHWARI,BMP,4122
1,Abdasa,SONI KAUSHIKBHAI BABULAL,IND,1851
1,Abdasa,VAGHELA LAXMANBHAI KANJI,BSP,1400
1,Abdasa,RAM MANGAL GADHAVI,IND,733
1,Abdasa,DHARAMSHI SHARAD SHIVJI,IND,655
1,Abdasa,UMAR OSMAN SANGAR,IND,453
1,Abdasa,KOLI SHANKARBHAI ALIBHAI,VPP,331
1,Abdasa,KHETANI VASANTBHAI VALJIBHAI,RDP,310
1,Abdasa,AMRUT LADHABHAI PATEL,IND,277
1,Abdasa,None of the Above,NOTA,3251
2,Mandvi,JADEJA VIRENDRASINH BAHADURSINH,BJP,79469
2,Mandvi,GOHIL SHAKTISINHJI HARICHANDRASINHJI,INC,70423
2,Mandvi,RANGANI MAHESHBHAI KARSHANBHAI,IND,1282
2,Mandvi,KENEEYA BHANJIBHAI KHIMJIBHAI,BSP,1154
2,Mandvi,RANGANI VARSHABEN MAHESHBHAI,IND,1110
2,Mandvi,SAMEJA ABDULKARIM AMAD,BMP,1105
2,Mandvi,SHAH VIJAYKUMAR CHIMANLAL,IND,1099
2,Mandvi,SAIYAD IMAMSHA LATIFSHA,IND,559
2,Mandvi,JOSHI SHAILESHBHAI BHAVANISANKAR,SP,541
2,Mandvi,RAMBHAI DHANRAJBHAI GADHAVI,IND,434
2,Mandvi,VORA JAYESHBHAI PRAVEENCHANDRA,SHI,221
2,Mandvi,BODA VASANTBHAI MORARJIBHAI,IND,211
2,Mandvi,DHRUIYA GULAMHUSEN SALEMAMAD,IND,179
2,Mandvi,JAT AMIN KASAM,IND,178
2,Mandvi,ANVARSHA BHACHHAMIYA SAIYAD,IND,176
2,Mandvi,JOSHI PRATEEK YOGESHBHAI,IND,120
2,Mandvi,KANERIYA BHAVIN GIRDHARBHAI,IND,114
2,Mandvi,None of the Above,NOTA,1685
3,Bhuj,ACHARYA DR.NIMABEN BHAVESHBHAI,BJP,86532
3,Bhuj,CHAKI ADAMBHAI BUDHABHAI,INC,72510
3,Bhuj,SINDHAL PRAKASH HARILAL,IND,1977
3,Bhuj,NODE KASAM MAHAMAD,BSP,1148
3,Bhuj,MALSHI RANA,IND,840
3,Bhuj,SODHA MADHUBHA RANAJI,SHI,716
3,Bhuj,SHAH PARESH VRAJLAL,IND,607
3,Bhuj,KOKA RAJESH KANTILAL,IND,378
3,Bhuj,GOHIL JIGNABA KARUBHA,RKSP,337
3,Bhuj,MAKWANA SIKANDAR ISMAIL,IND,274
3,Bhuj,TEJAS  ALIAS SACHIN RAJGOR,IND,267
3,Bhuj,BABU SAMA,IND,226
3,Bhuj,KHATRI MUNAF ABUBAKAR,IND,196
3,Bhuj,None of the Above,NOTA,4581
4,Anjar,AHIR VASANBHAI GOPALBHAI,BJP,75331
4,Anjar,V. K. HUMBAL,INC,64018
4,Anjar,VEERA HARIBHAI SAMANTBHAI,IND,4677
4,Anjar,HADIYA PRAKASHBHAI HIRJIBHAI (AHIR),IND,2410
4,Anjar,MANGALBHAI KARAMSHIBHAI RABARI,BMP,1534
4,Anjar,KOCHARA JAGDISHBHAI KANJIBHAI,BSP,1466
4,Anjar,SHEIKH MUSTAFA NURSHA,,999
4,Anjar,HUSSEN ALIMAMAD KHARA,IND,944
4,Anjar,MALSATTAR DHANJI SHIVJI,IND,349
4,Anjar,JADEJA JAYENDRASINH BALWANTSINH,IND,317
4,Anjar,DATANIYA MULJI REVA,IND,286
4,Anjar,CHAUHAN VIRAL PREMJI,IND,238
4,Anjar,None of the Above,NOTA,3601
5,Gandhidham,MAHESHWARI MALTI KISHOR,BJP,79713
5,Gandhidham,KISHOR GANGJIBHAI PINGOL,INC,59443
5,Gandhidham,BHANJIBHAI MYAJARBHAI DUNGARIYA,BMP,1965
5,Gandhidham,BHARYA JUMABHAI SAVALI,BSP,1233
5,Gandhidham,DANICHA GOVINDBHAI PUNAMCHAND,AAP,1101
5,Gandhidham,SONDARVA BALUBEN MAHESHBHAI,IND,1087
5,Gandhidham,VAGHELA SOMABHAI RUPABHAI,IND,1037
5,Gandhidham,RAJESH LADHABHAI CHAVDA,IND,561
5,Gandhidham,RAMESH MAVABHAI SOLANKI,IND,436
5,Gandhidham,ADVOCATE GOVIND DAFDA,IND,371
5,Gandhidham,BHARAT UMAR MARU,IND,331
5,Gandhidham,VANKAR RAMESHBHAI MAGABHAI,AIHCP,219
5,Gandhidham,BALIYA LALJIBHAI KARABHAI,APSP,196
5,Gandhidham,VANJARA HIRABEN DALPATBHAI,RKSP,177
5,Gandhidham,None of the Above,NOTA,3578
6,Rapar,AARETHIYA SANTOKBEN BHACHUBHAI,INC,63814
6,Rapar,PANKAJBHAI ANOPCHAND MAHETA,BJP,48605
6,Rapar,GADA BABULAL MEGHJI,NCP,2756
6,Rapar,MAHADEVBHAI KHUMANNBHAI BAGADA,BMP,2590
6,Rapar,PARMAR VALJIBHAI DEVJIBHAI,IND,1720
6,Rapar,CHAVADA SUDHA  BAKUL,BSP,1208
6,Rapar,KOLI MEGHABHAI JIVABHAI,VPP,1020
6,Rapar,JADEJA  NARENDRASINH TAPUBHA,IND,971
6,Rapar,DABHI  MOHANBHAI  TULSHIBHAI,IND,959
6,Rapar,GAMI RUDIBEN BABUBHAI,IND,700
6,Rapar,KOLI RAMESH RAVABHAI,IND,444
6,Rapar,INDRASINH  GOVUBHA  JADEJA,IND,393
6,Rapar,MAKAVANA RAMESHBHAI KUMBHABHAI,AIHCP,318
6,Rapar,None of the Above,NOTA,4614
7,Vav,THAKOR GENIBEN NAGAJI,INC,102328
7,Vav,CHAUDHARY SHANKARBHAI LAGDHIRBHAI,BJP,95673
7,Vav,BRAHMKSHATRIYA BHAGVATIBEN KHETSINHBHAI,IND,2643
7,Vav,PARMAR VAJRAMBHAI NAVABHAI,BSP,2373
7,Vav,THAKOR BHAVSINGJI RAMCHANDJI,IND,791
7,Vav,GOHIL RANAJI NAGJI,SHI,691
7,Vav,KALAL NAGJIBHAI SHANKARBHAI,IND,560
7,Vav,None of the Above,NOTA,3765
8,Tharad,PATEL PARBATBHAI SAVABHAI,BJP,65279
8,Tharad,RAJPUT DAMRAJI DEVJIBHAI,INC,54401
8,Tharad,PATEL MAVJIBHAI CHATRABHAI,IND,40699
8,Tharad,PATEL MAGHABHAI  ARJANBHAI,IND,2048
8,Tharad,PARJAPATI  GANESHBHAI DAMRABHAI,,1714
8,Tharad,GALSAR NILABHAI HEMABHAI,BSP,1647
8,Tharad,PATEL PADMABHAI DHANABHAI,IND,762
8,Tharad,None of the Above,NOTA,2584
9,Dhanera,PATEL NATHABHAI HEGOLABHAI,INC,82909
9,Dhanera,DESAI MAVJIBHAI MAGANBHAI,BJP,80816
9,Dhanera,RABARI TEJABHAI NETHIBHAI,AIHCP,2802
9,Dhanera,DABHI RUPABHAI CHENABHAI,BSP,2790
9,Dhanera,RAJPUT NARSINHJI BABUJI,IND,1836
9,Dhanera,None of the Above,NOTA,2341
10,Danta,KANTIBHAI KALABHAI KHARADI,INC,86129
10,Danta,KODARVI MALJIBHAI NARAYANBHAI,BJP,61477
10,Danta,BHIL KALURAM MANGALJI,IND,2569
10,Danta,DHRANGI MANHARBHAI BHOYLABHAI,NCP,2285
10,Danta,KANABHAI CHUNABHAI MANCHHATAR,GHCP,1197
10,Danta,PARMAR BHURABHAI MANABHAI,IND,1109
10,Danta,NISARTA RASILABEN KHATARABHAI,IND,896
10,Danta,DUNGAISA VIRMABHAI KESHRABHAI,IND,396
10,Danta,SOLANKI SOMABHAI BHARMABHAI,,361
10,Danta,None of the Above,NOTA,6461
11,Vadgam,JIGNESHKUMAR NATVARLAL MEVANI,IND,95497
11,Vadgam,CHAKRAVARTI VIJAYKUMAR HARKHABHAI,BJP,75801
11,Vadgam,MAKWANA NARENDRAKUMAR PUJABHAI,IND,3711
11,Vadgam,ASHVINBHAI DOLATBHAI PARMAR,IND,3175
11,Vadgam,JADAV PUSHPABEN RAJESHBHAI,BSP,1263
11,Vadgam,CHAUHAN GANESHBHAI LAVJIBHAI,IND,1121
11,Vadgam,VANSOLA NILESHKUMAR PRAVINBHAI,BMP,1119
11,Vadgam,SHEKHALIYA VIKRAMBHAI DAHYABHAI,IND,1038
11,Vadgam,SOLANKI TARUNCHANDRA PREMJIBHAI,GHCP,548
11,Vadgam,BHATIYA ARVINDKUMAR KHEMABHAI,,478
11,Vadgam,None of the Above,NOTA,4255
12,Palanpur,PATEL MAHESHKUMAR AMRUTLAL,INC,91512
12,Palanpur,PRAJAPATI LALJIBHAI KANJIBHAI,BJP,73919
12,Palanpur,FOSHI SHIVRAMBHAI MAGANBHAI,NCP,1057
12,Palanpur,VADNATHANI JAYANTIBHAI UMEDBHAI,IND,1056
12,Palanpur,PARMAR AMARATBHAI DHARMABHAI,BSP,974
12,Palanpur,SHRIMALI ASHOKBHAI BALCHANDBHAI,IND,846
12,Palanpur,PARMAR SURESHBHAI RAMJIBHAI,IND,571
12,Palanpur,PATANI SHANTABEN NARANBHAI,IND,505
12,Palanpur,NABHANI RAMESHKUMAR KHEMRAJBHAI,AAP,484
12,Palanpur,PATANI MAHESHKUMAR NARANBHAI,IND,358
12,Palanpur,DAVE NILESHKUMAR KANAIYALAL,IND,227
12,Palanpur,PARMAR CHHAGANCHANDRARAJ DHANABHAI,IND,203
12,Palanpur,PRAJAPATI AMARABHAI PUJABHAI,,195
12,Palanpur,MEJIYATAR GOVINDBHAI UMABHAI,RSPS,95
12,Palanpur,None of the Above,NOTA,3659
13,Deesa,PANDYA SHASHIKANT MAHOBATRAM,BJP,85411
13,Deesa,GOVABHAI HAMIRABHAI RABARI,INC,70880
13,Deesa,VAGHELA BAHADURSINH DADUBHA,IND,15912
13,Deesa,THERVADIYA SHIVAJI PATHUJI,IND,1113
13,Deesa,SOLANKI DINESHKUMAR ALJIBHAI,BSP,977
13,Deesa,PRAJAPATI KANUBHAI LILABHAI,,791
13,Deesa,THAKOR PARBATJI VALJIBHAI,IND,472
13,Deesa,THAKOR RAMANBHAI SARDARJI,IND,439
13,Deesa,PUROHIT SHYAMABEN NARANBHAI,,261
13,Deesa,None of the Above,NOTA,3531
14,Deodar,BHURIYA SHIVABHAI AMRABHAI,INC,80432
14,Deodar,CHAUHAN KESHAJI SHIVAJI,BJP,79460
14,Deodar,HIRAJI PRAHLADJI VAGHELA,BMP,2049
14,Deodar,JIVANBHAI KARSANBHAI JOSHI,IND,1697
14,Deodar,None of the Above,NOTA,2988
15,Kankrej,KIRTISINH PRABHATSINH VAGHELA,BJP,95131
15,Kankrej,JALERA DINESHJI DHARSIJI,INC,86543
15,Kankrej,THAKOR LEBUJI BHUDARJI,IND,3037
15,Kankrej,MAKVANA VAGHABHAI MAGANBHAI,BSP,1952
15,Kankrej,DESAI ISHVARBHAI  MAHADEVBHAI,AIHCP,1043
15,Kankrej,None of the Above,NOTA,3881
16,Radhanpur,ALPESH KHODAJI THAKOR,INC,85777
16,Radhanpur,SOLANKI LAVINGJI MULJIJI THAKOR,BJP,70920
16,Radhanpur,RATILAL KAMABHAI,IND,5117
16,Radhanpur,DR.VISHNU ZULA,IND,4769
16,Radhanpur,SONAJI VELAJI THAKOR,BSP,1773
16,Radhanpur,NATHALAL K NIRASHRIT THAKOR,IND,1492
16,Radhanpur,KARIYA KALPESHBHAI KARSHANBHAI,,1250
16,Radhanpur,PARMAR MOHANBHAI MAGHABHAI,IND,1009
16,Radhanpur,THAKOR MERAJI KACHARAJI,IND,731
16,Radhanpur,CHHAGANBHAI NARANBHAI PRAJAPATI,IND,523
16,Radhanpur,GOHIL HARCHANBHAI AALABHAI,BMP,439
16,Radhanpur,CHAUDHARI PRAKASHBHAI RUGNATHBHAI,IND,430
16,Radhanpur,THAKKAR KIRTIKUMAR ISHVARLAL,IND,390
16,Radhanpur,THEBA GULAMHUSEN RASULKHAN,GHCP,382
16,Radhanpur,CHANDI ASHVINKUMAR SHIVPRASAD,SHI,344
16,Radhanpur,GAUSWAMI LALGIRI KHENGARGIRI,IND,255
16,Radhanpur,ATULKUMAR MAYARAMBHAI PUJARA,IND,237
16,Radhanpur,None of the Above,NOTA,1632
17,Chanasma,DILIPKUMAR VIRAJI THAKOR,BJP,73771
17,Chanasma,DESAI RAGHUBHAI MERAJBHAI,INC,65537
17,Chanasma,THAKOR DINESHBHAI AATAJI,IND,27633
17,Chanasma,BELIM BABUBHAI LALAKHAMIYA,IND,2052
17,Chanasma,PANDYA PRAVINKUMAR TULSIDAS,IND,1416
17,Chanasma,PATEL VIPULBHAI NAGARBHAI,NCP,1366
17,Chanasma,DARBAR JABBARSANG ARJANSINH,IND,566
17,Chanasma,THAKOR ASHOKJI POPATJI,IND,517
17,Chanasma,PARMAR ROHITBHAI RAMABHAI,BSP,417
17,Chanasma,MITULKUMAR BHAGAVANBHAI PATEL,GHCP,387
17,Chanasma,PATEL MAHESHKUMAR JAYANTIBHAI,,368
17,Chanasma,PATEL ASHISHBHAI DASHRATHBHAI,AIHCP,313
17,Chanasma,THAKOR RAMESHJI RAMAJI,BMP,238
17,Chanasma,PATEL BHANUMATIBEN ANILKUMAR,,169
17,Chanasma,None of the Above,NOTA,3779
18,Patan,KIRITKUMAR CHIMANLAL PATEL,INC,101006
18,Patan,DESAI RANCHHODBHAI MAHIJIBHAI,BJP,76799
18,Patan,MAHESHWARI KANUBHAI BHURABHAI,IND,1758
18,Patan,JOSHI MUKESHBHAI GOPALBHAI,SHI,1087
18,Patan,PARMAR MAGANBHAI AMARABHAI,BSP,988
18,Patan,BHOJAK KETANKUMAR BHANUPRASAD,IND,747
18,Patan,PATNI ANANDBHAI CHELABHAI,IND,394
18,Patan,PATEL MULCHANDBHAI RAMJIDAS,IND,377
18,Patan,THAKOR RAMESHBHAI VARVAJI,IND,169
18,Patan,PATEL NANJIBHAI JIVANBHAI,,152
18,Patan,None of the Above,NOTA,3872
19,Sidhpur,THAKOR CHANDANJII TALAJI,INC,88268
19,Sidhpur,JAYNARAYAN VYAS,BJP,71008
19,Sidhpur,RAJPUT RAJENDRASINH SAMANTSINH,IND,1909
19,Sidhpur,RATHOD GOVIND,BSP,956
19,Sidhpur,MOMIN ASRAFBHAI DADUBHAI (A.D. MAMA),IND,680
19,Sidhpur,POLADI KAIYUMKHAN USMANKHAN (BADSHAH),AIHCP,481
19,Sidhpur,SOLANKI ANILKUMAR REVABHAI,BMP,377
19,Sidhpur,BHAVSANG L. THAKOR,IND,326
19,Sidhpur,PATEL DILIPKUMAR LILACHAND,IND,297
19,Sidhpur,THAKOR KANUJI SOMAJI,IND,235
19,Sidhpur,DAVE PRAKASHCHANDRA MANUPRASAD,IND,180
19,Sidhpur,THAKOR KARANSINH SAHDEVJI,IND,156
19,Sidhpur,BHORANIYA SOYABBHAI HASAMBHAI,,120
19,Sidhpur,None of the Above,NOTA,3973
20,Kheralu,DABHI BHARATSINHJI SHANKARJI,BJP,59847
20,Kheralu,DESAI MUKESHKUMAR MOGHJIBHAI,IND,38432
20,Kheralu,THAKOR RAMJIBHAI SONAJI,INC,38254
20,Kheralu,SINDHI FAKIRMAHMAD SULEMANBHAI,IND,1635
20,Kheralu,PRAJAPATI RAJNIKANT HIRALAL,BSP,985
20,Kheralu,VALJIBHAI SAVJIBHAI PARMAR,IND,912
20,Kheralu,PARMAR VANRAJ KALIDAS,BMP,772
20,Kheralu,THAKOR VAJAJI GOVAJI,,521
20,Kheralu,THAKOR KEVALJI NATHAJI,IND,436
20,Kheralu,None of the Above,NOTA,2634
21,Unjha,DR. ASHA PATEL,INC,81797
21,Unjha,PATEL NARAYANBHAI LALLUDAS (KAKA),BJP,62268
21,Unjha,THAKOR SAHDEVJI VIRSANGJI,IND,1728
21,Unjha,GHANSHYAMBHAI  PARAGBHAI SOLANKI,BSP,1054
21,Unjha,PATEL MANHARBHAI MADHAVLAL,IND,784
21,Unjha,HARESHKUMAR NAROTTAMBHAI PATEL,IND,674
21,Unjha,PATEL HIRALBEN SANDIPKUMAR,NCP,610
21,Unjha,PATEL RAMESHBHAI ISHVARLAL,AAP,387
21,Unjha,DADAVALA HASANALI ISHMAILBHAI,IND,339
21,Unjha,THAKOR VISHNUJI NENAJI,,182
21,Unjha,THAKOR GOPALJI PIRAJI,,142
21,Unjha,THAKOR SUDHARMSINH ISHVARJI,,115
21,Unjha,None of the Above,NOTA,2912
22,Visnagar,PATEL RUSHIKESH GANESHBHAI,BJP,77496
22,Visnagar,PATEL MAHENDRAKUMAR S. (MAHESH PATEL),INC,74627
22,Visnagar,PATEL YATEENKUMAR HASMUKHBHAI (TEJASH),IND,1048
22,Visnagar,PARMAR NANJIBHAI KARSANBHAI,BSP,677
22,Visnagar,PATEL HIREN KUMAR VISHNU BHAI,GHCP,419
22,Visnagar,PATEL MAHENDRABHAI SHANKARBHAI (MAHESH PATEL),IND,395
22,Visnagar,PATEL MAHENDRABHAI SHANKARBHAI (MAHESHBHAI PATEL),IND,283
22,Visnagar,ASHOKKUMAR SOMALAL RAMI,,226
22,Visnagar,PATEL ANITABEN RAMABHAI,,183
22,Visnagar,None of the Above,NOTA,2992
23,Becharaji,THAKOR BHARATJI SONAJI,INC,80894
23,Becharaji,PATEL RAJNIKANT SOMABHAI,BJP,65083
23,Becharaji,PATEL KIRITKUMAR DAHYABHAI,IND,10144
23,Becharaji,PARMAR JITENDRABHAI RAMESHBHAI,IND,1407
23,Becharaji,RATHOD DINESHKUMAR REVABHAI,BSP,829
23,Becharaji,PATEL GOVINDBHAI KANAIYALAL,AIHCP,509
23,Becharaji,PARMAR JAGDISHBHAI SADABHAI,IND,493
23,Becharaji,CHAUDHARY RAMESHBHAI SENDHABHAI,IND,338
23,Becharaji,PATEL NARENDRAKUMAR BABULAL,IND,336
23,Becharaji,PATEL VIJAYKUMAR DAHYABHAI (VAKIL),LSPS,262
23,Becharaji,PATEL BHAGIRATHKUMAR CHATURBHAI,IND,261
23,Becharaji,PATEL SANJAYKUMAR BALDEVBHAI,BRVP,154
23,Becharaji,PATEL PRINCE BABULAL,,153
23,Becharaji,PATEL SURESHBHAI BABULAL,,145
23,Becharaji,None of the Above,NOTA,3596
24,Kadi,KARSHANBHAI PUNJABHAI SOLANKI,BJP,96651
24,Kadi,CHAVDA RAMESHBHAI MAGANBHAI,INC,88905
24,Kadi,PARMAR AARATIBEN ASHVINKUMAR,BSP,1055
24,Kadi,VIJAYKUMAR LALJIBHAI VAGHELA,IND,998
24,Kadi,CHAVDA LAXMICHAND POONJABHAI,IND,645
24,Kadi,RATHOD KUSUMBEN SURESHKUMAR,IND,589
24,Kadi,MAYURDEV SOMDEV ROY,BMP,545
24,Kadi,CHAMAR MEENABEN SAVABHAI,IND,371
24,Kadi,None of the Above,NOTA,2657
25,Mahesana,PATEL NITINBHAI RATILAL,BJP,83670
25,Mahesana,PATEL JIVABHAI AMBALAL,INC,75719
25,Mahesana,THAKOR AMITKUMAR VAJESANG,IND,1784
25,Mahesana,THAKOR AMRATJI BALDEVJI,IND,848
25,Mahesana,RAVAL SURESHBHAI CHHAGANLAL,IND,725
25,Mahesana,THAKOR ARJUNJI GALABAJI,IND,679
25,Mahesana,SHEKH SHAHENAJBIBI AHEMADMIYA,IND,620
25,Mahesana,PATEL BABUBHAI AMBARAMDAS,NCP,489
25,Mahesana,THAKOR KALUJI LAXMANJI,IND,356
25,Mahesana,SOLANKI KISHORBHAI PANABHAI,IND,326
25,Mahesana,RATHOD KESHARBEN GOPALSINH,IND,295
25,Mahesana,CHAUHAN PRAKASHKUMAR TRIBHOVANDAS,IND,282
25,Mahesana,VISHNUJI AMARATJI VAGHELA,BMP,224
25,Mahesana,PARMAR PANKAJKUMAR BABULAL,BSP,221
25,Mahesana,BABI ABDULRAHEMAN NIYAJMOHAMAD,IND,208
25,Mahesana,CHAUHAN KIRANSINH DASHRATHSINH,IND,206
25,Mahesana,THAKOR KIRAN VISHNUJI,IND,173
25,Mahesana,GANDHI VIPULBHAI GOVINDBHAI,IND,158
25,Mahesana,MALEK SIKANDARBHAI SULEMANBHAI,IND,158
25,Mahesana,THAKOR VIJAYJI DANSANGJI,IND,117
25,Mahesana,KHODABHAI AMRUTLAL PATEL,IND,103
25,Mahesana,THAKOR DILIPKUMAR TAKHAJI,IND,96
25,Mahesana,PARMAR JAYANTSINH DAHYABHAI,IND,96
25,Mahesana,THAKOR JAGDISHJI RADHUJI,IND,94
25,Mahesana,PATEL MAHESHBHAI RANCHHODDAS,BRVP,88
25,Mahesana,KURESHI JAMIYATKHA GULABKHA,IND,88
25,Mahesana,PARMAR DEVANGKUMAR PRABHUDAS,IND,82
25,Mahesana,PATEL SURESHBHAI MAFATLAL,,78
25,Mahesana,PATHAN ASIFKHAN ABDULHAMID,IND,76
25,Mahesana,OZA PRUTHVI VITHTHALBHAI PRAJAPATI,APSP,73
25,Mahesana,THAKOR JARINABEN NAGJI,IND,70
25,Mahesana,PATHAN YAKUBKHAN MAHMADKHAN,IND,68
25,Mahesana,PATEL KRUPABEN KUMARGAURAV,IND,62
25,Mahesana,CHAVDA MAHESHKUMAR GULABJI,,54
25,Mahesana,None of the Above,NOTA,626
26,Vijapur,PATEL RAMANBHAI DHULABHAI,BJP,72326
26,Vijapur,PATEL NATHABHAI PRABHUDAS,INC,71162
26,Vijapur,VIHOL UPENDRASINH NAVUJI,IND,1555
26,Vijapur,MODI SUHIT ASHOKKUMAR,IND,1398
26,Vijapur,PATEL NARENDRAKUMAR GANDABHAI,NCP,1037
26,Vijapur,PARMAR VASUDEV TRIBHOVANDAS,BSP,621
26,Vijapur,PATEL BIPINKUMAR MAFATLAL,IND,466
26,Vijapur,PATEL MAHENDRAKUMAR KHODIDAS,AIHCP,300
26,Vijapur,KURESHI SADIKBHAI AHEMADBHAI,IND,277
26,Vijapur,PATEL TEJASKUMAR TULSIBHAI,GHCP,250
26,Vijapur,DEVDA BABUJI RANCHHODJI,IND,247
26,Vijapur,THAKOR VINUJI KANTIJI,IND,160
26,Vijapur,PATEL SATISHBHAI JAYANTIBHAI,,128
26,Vijapur,PATEL VISHNUBHAI PUNJABHAI,,95
26,Vijapur,None of the Above,NOTA,1280
27,Himatnagar,RAJENDRASINH RANJITSINH CHAVDA(RAJUBHAI CHAVDA),BJP,93251
27,Himatnagar,KAMLESHKUMAR JAYANTIBHAI PATEL,INC,90351
27,Himatnagar,SOLANKI MAGANBHAI LAKHABHAI,BSP,1057
27,Himatnagar,PARMAR DILIPSINH CHAKUSINH,IND,735
27,Himatnagar,PATEL CHANDRASHEKHAR ANILBHAI,NCP,683
27,Himatnagar,PARMAR PARSHOTAMDAS DALPATBHAI,CPIM,683
27,Himatnagar,PRAJAPATI ALPESHKUMAR MOHANBHAI,APSP,673
27,Himatnagar,PARMAR SARDARSINH BHAVANSINH,AIHCP,497
27,Himatnagar,BHOI KISHORBHAI CHIMANBHAI,,408
27,Himatnagar,PARMAR JAYDEEPSINH RAJUJI,LGP,274
27,Himatnagar,PARMAR PRAHLADSINH SONSINH,,180
27,Himatnagar,None of the Above,NOTA,3314
28,Idar,KANODIYA HITU,BJP,97682
28,Idar,MANIBHAI JETHABHAI VAGHELA,INC,82351
28,Idar,SOLANKI NATVARBHAI GOVABHAI,IND,3592
28,Idar,PARMAR MUKESHBHAI KADVABHAI,BSP,1752
28,Idar,VANKAR BHOGILAL DANABHAI,IND,1377
28,Idar,PRIYADARSHI GAURANG ARVINDBHAI,,986
28,Idar,FALJIBHAI PUNJABHAI PARMAR,IND,561
28,Idar,PARMAR MOHANBHAI AVSARBHAI,IND,291
28,Idar,VARMA VASANTCHANDRA KUSHALBHAI,AIHCP,287
28,Idar,PARMAR MANISH MOTIBHAI,IND,245
28,Idar,None of the Above,NOTA,4892
29,Khedbrahma,KOTWAL ASHVINBHAI LAXMANBHAI,INC,85030
29,Khedbrahma,RAMILABEN BARA,BJP,73977
29,Khedbrahma,BIPINCHANDRA RUPASIBHAI GAMETI,,3470
29,Khedbrahma,ARVINDBHAI ASARI,BSP,3290
29,Khedbrahma,NINAMA BHIMJIBHAI NARVAJI,IND,2581
29,Khedbrahma,INDUBEN C. BODAT,IND,2453
29,Khedbrahma,SOLANKI CHHAGANBHAI KEVALABHAI,AIHCP,1783
29,Khedbrahma,None of the Above,NOTA,5067
30,Bhiloda,DR. ANIL JOSHIYARA,INC,95719
30,Bhiloda,P.C.BARANDA,BJP,83302
30,Bhiloda,VISAT DINESHBHAI SANJABHAI,IND,3994
30,Bhiloda,TABIYAD SOMABHAI SALUJI,CPIM,1752
30,Bhiloda,NINAMA DILIPKUMAR KHIMJIBHAI,IND,1568
30,Bhiloda,KHARADI SUBHASHBHAI SHEMYUALBHAI,LGP,1365
30,Bhiloda,DAMOR PRATAPSINH THAVARAJI,IND,720
30,Bhiloda,DAMOR CHANDUBHAI NANJIBHAI,BMP,514
30,Bhiloda,GAMETI HEMANTBHAI DHANJIBHAI,AIHCP,500
30,Bhiloda,None of the Above,NOTA,4877
31,Modasa,THAKOR RAJENDRASINH SHIVSINH,INC,78615
31,Modasa,PARMAR BHIKHUSINHJI CHATURSINHJI,BJP,78468
31,Modasa,PATEL MANOJBHAI RATILAL,NCP,2334
31,Modasa,CHAUHAN RANJITSINH SOMABHAI,IND,935
31,Modasa,MAKWANA VISHNUSINH RUPSINH,BSP,888
31,Modasa,PATEL SURESHKUMAR JAYANTILAL,IND,699
31,Modasa,RAO NIRBHAYASINH KISHORSINH,AIHCP,443
31,Modasa,BAKROLIYA A.RAHIM ISMAILBHAI,,249
31,Modasa,None of the Above,NOTA,3515
32,Bayad,ZALA DHAVALSINH NARENDRASINH,INC,79556
32,Bayad,CHAUHAN ADESINH MANSINH,BJP,71655
32,Bayad,PATEL BABARBHAI MATHURBHAI,IND,1992
32,Bayad,PATEL KIRITKUMAR BABARBHAI,IND,1418
32,Bayad,None of the Above,NOTA,3252
33,Prantij,PARMAR GAJENDRASINH UDESINH,BJP,82482
33,Prantij,BARAIYA MAHENDRASINH KACHARSINH (ADVOCATE),INC,78690
33,Prantij,ZALA RAJENDRASINH KALUSINH,NCP,3441
33,Prantij,MASU RASIKBHAI PATEL,IND,1752
33,Prantij,ZALA DALPATSINH MOTISINH,IND,1701
33,Prantij,VANKAR HARMESHKUMAR NATVARBHAI,BSP,1066
33,Prantij,JOSHI PARESHKUMAR PRAVINCHAND (PRAKASHBHAI MAHARAJ),IND,578
33,Prantij,RATHOD JAYDIPSINH JAGATSINH,,515
33,Prantij,PATEL KALPESHKUMAR RANCHHODBHAI,AIHCP,353
33,Prantij,None of the Above,NOTA,2838
34,Dahegam,CHAUHAN BALRAJSINH KALYANSINH,BJP,74445
34,Dahegam,RATHOD KAMINIBA BHUPENDRASINH,INC,63585
34,Dahegam,MALEK AMJADHUSSAIN MANSURMIYA,IND,1631
34,Dahegam,SONARA RAMANLAL KHANABHAI,BSP,1143
34,Dahegam,THAKOR JENAJI RUMALJI,,949
34,Dahegam,AMIN VINUBHAI BAHADURBHAI,AIHCP,625
34,Dahegam,None of the Above,NOTA,3925
35,Gandhinagar South,THAKOR SHAMBHUJI CHELAJI,BJP,107480
35,Gandhinagar South,GOVINDJI HIRAJI SOLANKI,INC,95942
35,Gandhinagar South,JADUGAR PIYUSHBHAI CHATURBHAI,BSP,2761
35,Gandhinagar South,SURESHKUMAR DHANJIBHAI SHASTRI,IND,1284
35,Gandhinagar South,SHASHIKANT FUSHABHAI VANIKAR,IND,995
35,Gandhinagar South,ACHARYA KEYUR CHIMANBHAI,BMP,941
35,Gandhinagar South,CHAUHAN SANJAYKUMAR CHANDUBHAI,SHI,465
35,Gandhinagar South,GOHIL AJITSINH ARJUNJI,,400
35,Gandhinagar South,RAVAL   KIRITKUMAR NATVARLAL,IND,370
35,Gandhinagar South,SINGH PRADEEPKUMAR GORKHNATH,,322
35,Gandhinagar South,None of the Above,NOTA,4615
36,Gandhinagar North,DR. C. J. CHAVDA,INC,80142
36,Gandhinagar North,ASHOKKUMAR RANCHHODBHAI PATEL,BJP,74406
36,Gandhinagar North,RAJ PRAJAPATI,IND,1128
36,Gandhinagar North,RATHOD GOVINDBHAI MOHANBHAI,BSP,797
36,Gandhinagar North,NAYANI ROHIT,NCP,772
36,Gandhinagar North,KARANSINH VAGHELA (ADVOCATE),AIHCP,767
36,Gandhinagar North,BAHUGUNA RASHMIBEN BHAKTIBHUSAN,IND,387
36,Gandhinagar North,PATEL GUNVANTKUMAR KESHAVLAL,AAP,377
36,Gandhinagar North,PARMAR PRATIKKUMAR GUNVANTBHAI,IND,269
36,Gandhinagar North,DABHI RAGHUJI BALDEVJI,IND,178
36,Gandhinagar North,KAKKAD ANIL TULSIDAS,,146
36,Gandhinagar North,VANAND CHANDUBHAI AASHARAM,,136
36,Gandhinagar North,None of the Above,NOTA,2966
37,Mansa,AMITBHAI HARISINGBHAI CHAUDHARY,BJP,42610
37,Mansa,PATEL SURESHKUMAR CHATURDAS,INC,37202
37,Mansa,PRAJAPATI ASHISHKUMAR ATMARAM,IND,623
37,Mansa,PARMAR MAHENDRAKUMAR MOHANBHAI,BSP,453
37,Mansa,PARMAR PARSOTTAMBHAI CHATURBHAI,IND,393
37,Mansa,PARMAR NARENDRABHAI MAGANLAL,IND,116
37,Mansa,PATEL BHANUBHAI KESHAVLAL,IND,93
37,Mansa,PATEL SHAILESHKUMAR SOMABHAI,IND,75
37,Mansa,CHAVDA VIJAYSINH KARANSINH,IND,71
37,Mansa,THAKOR MAHESHJI ARJANJI,IND,56
37,Mansa,THAKOR BABUJI JOITAJI,IND,34
37,Mansa,None of the Above,NOTA,1563
38,Kalol,BALDEVJI CHANDUJI THAKOR,INC,82886
38,Kalol,DR.ATULBHAI K. PATEL,BJP,74921
38,Kalol,MAHENDRASHEEL SOMABHAI UPASAK,BSP,1183
38,Kalol,THAKOR KARSANJI MAGANJI,NCP,1033
38,Kalol,MAKWANA ANILKUMAR SOMABHAI,IND,853
38,Kalol,VYAS VISHNU PRASAD CHHOTALAL,IND,575
38,Kalol,OZA AJITABEN VITTHALBHAI,APSP,278
38,Kalol,PATEL SATISHKUMAR RAMESHBHAI,IND,255
38,Kalol,PATEL RAJNIKANT AMBALAL (BACHUBHAI),IND,190
38,Kalol,None of the Above,NOTA,2515
39,Viramgam,BHARWAD LAKHABHAI BHIKHABHAI,INC,76178
39,Viramgam,DR. TEJSHRIBEN DILIPKUMAR PATEL,BJP,69630
39,Viramgam,JADAV DHRUVKUMAR BAVALBHAI,IND,12069
39,Viramgam,THAKOR KUNVARJI BABAJI,IND,10836
39,Viramgam,PATEL BHAILALBHAI GANPATBHAI,IND,2835
39,Viramgam,PATEL BALDEVBHAI JIVABHAI,IND,1621
39,Viramgam,BHAVESH SOLANKI,BSP,1620
39,Viramgam,BARAD PRABHUBHAI LAXMANBHAI,IND,1371
39,Viramgam,RAVAL VINODCHANDRA GIRISHBHAI,IND,928
39,Viramgam,PATEL ALPESHKUMAR POPATLAL,IND,913
39,Viramgam,MOMIN USMANBHAI NURABHAI,BMP,680
39,Viramgam,SHREEMALI MANSUKHBHAI HARIBHAI,IND,575
39,Viramgam,LAMKA LALABHAI MAFABHAI,IND,497
39,Viramgam,ZALA  DASHARATHSINH HEMANTSANG,,486
39,Viramgam,GOSWAMI RAJENDRAGIRI VASHARAMGIRI,IND,485
39,Viramgam,THAKOR PARBATBHAI RAMJIBHAI,IND,474
39,Viramgam,KOLI PATEL MUKESHBHAI HIMMATBHAI,VPP,442
39,Viramgam,THAKOR JAYANTIBHAI BACHUJI,AIHCP,396
39,Viramgam,VAGHELA KISHORSINH MAHOBATSINH,IND,395
39,Viramgam,PRAJAPATI SAROJBEN NAGARBHAI,APSP,274
39,Viramgam,VAGHARI VASANTBHAI DAJIBHAI,IND,268
39,Viramgam,KOLI PATEL VIRAMBHAI RUPABHAI,IND,268
39,Viramgam,None of the Above,NOTA,1412
40,Sanand,KANUBHAI KARAMSHIBHAI PATEL,BJP,67692
40,Sanand,DABHI PUSHPABEN JORUBHAI,INC,59971
40,Sanand,RATHOD KAMABHAI GAGJIBHAI,IND,37795
40,Sanand,VANIYA JAGDISHBHAI DHUDABHAI,BSP,2449
40,Sanand,SOLANKI MAHESHBHAI RAMANBHAI,IND,2419
40,Sanand,DATTA RAJESHKUMAR SOMABHAI,IND,2373
40,Sanand,THAKOR DASHRATHJI MAFATJI,AIHCP,1403
40,Sanand,THAKOR BAHADURBHAI KHODAJI,BMP,1140
40,Sanand,ZALA TARUNSINH ASHOKSINH,IND,1086
40,Sanand,VAGHELA JAYPALSINH BALVANTSINH,IND,1036
40,Sanand,KOLI PATEL JORUBHAI KAVABHAI,SHI,966
40,Sanand,BHAVESH BHIKHABHAI PATEL,NCP,852
40,Sanand,DILIPSINH VALA,,483
40,Sanand,PARMAR CHANDRAKANT ATMARAM,,396
40,Sanand,None of the Above,NOTA,4087
41,Ghatlodia,PATEL BHUPENDRABHAI RAJNIKANT,BJP,175652
41,Ghatlodia,PATEL SHASHIKANT (BHURABHAI),INC,57902
41,Ghatlodia,THAKOR BUDHAJI GABHAJI,BSP,1105
41,Ghatlodia,SHAH SURENDRABHAI KESHAVLAL,IND,619
41,Ghatlodia,RAHUL CHIMANBHAI MEHETA,IND,572
41,Ghatlodia,KACHHADIYA KESHAVLAL RAMJIBHAI,IND,423
41,Ghatlodia,PANCHAL AMIT NATVARLAL,IND,352
41,Ghatlodia,PIYUSHBHAI SOMNATH PATEL (C.A.),IND,218
41,Ghatlodia,PATEL YOGESHKUMAR CHANDUBHAI,IND,203
41,Ghatlodia,PATEL SHAILESHKUMAR KASHIRAM,IND,154
41,Ghatlodia,KIRAN (MASTER/SIR),IND,147
41,Ghatlodia,NILESH NARANBHAI MISTRY,IND,143
41,Ghatlodia,DARSHAN DILIPBHAI PATEL,IND,124
41,Ghatlodia,None of the Above,NOTA,4173
42,Vejalpur,CHAUHAN KISHOR BABULAL,BJP,117748
42,Vejalpur,SHAH MIHIRBHAI SUBODHBHAI,INC,95181
42,Vejalpur,SOLANKI VINODBHAI BODHABHAI,BSP,947
42,Vejalpur,PARMAR YUSUFBHAI JEEBHAI,NCP,802
42,Vejalpur,MADHURI NIRAJ BHARADVAJ,IND,550
42,Vejalpur,RINA NITINKUMAR BAROT,IND,395
42,Vejalpur,GOVINDBHAI JADAV (DHANDHUKAWALA),IND,259
42,Vejalpur,SAIYAD KAUSARALI FAIYAZALI (SWAPNADRASHTA),SPI,197
42,Vejalpur,SHAIKH YUNUS GULAMRASUL,ADP,185
42,Vejalpur,GAJJAR NILESH RAMESHBHAI,,160
42,Vejalpur,KSHATRIA BIRJU MOTISINH,,157
42,Vejalpur,MAHETA YOGESH DEVENDRABHAI,LGP,153
42,Vejalpur,None of the Above,NOTA,3663
43,Vatva,PRADIPSINH BHAGVATSINH JADEJA,BJP,131133
43,Vatva,PATEL BIPINCHANDRA RUGNATHBHAI (BIPINKAKA),INC,68753
43,Vatva,SANDHI DAUD ISMAIL,IND,2240
43,Vatva,MAURYA RAJESH HARIRAM,,1354
43,Vatva,PARMAR BHARATBHAI SHAKARABHAI,BSP,1175
43,Vatva,PATEL ATULKUMAR RAVJIBHAI,IND,987
43,Vatva,SAIYAD KASAMALI IMAMALI,IND,946
43,Vatva,SAIYAD SABANABANU HAIDARABBAS,IND,741
43,Vatva,RATHOD MUNIRHUSEN AMIRMIYA,IND,446
43,Vatva,MOHMMAD JAFAR MOHMMAD KASAM SHAIKH,IND,436
43,Vatva,SIDDIKI MO.KALIM TAUIFIKAHEMAD,IND,335
43,Vatva,SARAFARAJKHAN ALADADKHAN PATHAN,IND,331
43,Vatva,ANSARI MOHOMADRASHID NURISLAM,IND,245
43,Vatva,SHAILESHBHAI GANDABHAI BHARVAD,IND,221
43,Vatva,MEVATI FARJANABANU ISMAILBHAI,IND,203
43,Vatva,SHAIKH SALMABANU MOHMAD SALIMBHAI,IND,155
43,Vatva,None of the Above,NOTA,2460
44,Ellisbridge,SHAH RAKESHBHAI JASVANTLAL (RAKESH SHAH),BJP,116811
44,Ellisbridge,DAVE VIJAYKUMAR RATILAL,INC,31606
44,Ellisbridge,SOLANKI MALABHAI HIRABHAI,BSP,2144
44,Ellisbridge,SOLANKI NILABEN JIVRAJBHAI,IND,553
44,Ellisbridge,MEENAKSHI JOSHI,SUCI,476
44,Ellisbridge,SHWETA MUKESH SHAH,IND,392
44,Ellisbridge,PATEL KALPESH NANDKUMAR,AIHCP,326
44,Ellisbridge,THAKER  HITESH,SHI,278
44,Ellisbridge,None of the Above,NOTA,3479
45,Naranpura,KAUSHIKBHAI JAMNADAS PATEL (KAUSHIK PATEL),BJP,106458
45,Naranpura,NITINBHAI KANTIBHAI PATEL,INC,40243
45,Naranpura,RAVI KHENGARBHAI VAGHELA,BSP,1284
45,Naranpura,HIMANSHU SHAH,IND,592
45,Naranpura,JITENDRASING DALELSING SHIKH,IND,329
45,Naranpura,HARSHADKUMAR LAXMANBHAI SOLANKI,IND,220
45,Naranpura,SHASHIKANT MANUBHAI SHARMA,AIHCP,220
45,Naranpura,NAINESHKUMAR S. BRAHMBHATT,,209
45,Naranpura,PARMAR RASIKBHAI NANJIBHAI,IND,181
45,Naranpura,BARAI ALPESHBHAI MAHENDRAKUMAR,LSPS,120
45,Naranpura,None of the Above,NOTA,2867
46,Nikol,JAGDISH PANCHAL,BJP,87764
46,Nikol,GOHIL INDRAVIJAYSINH,INC,62884
46,Nikol,PARMAR RAMESHBHAI GOVINDBHAI,BSP,927
46,Nikol,SONULE SHAILENDRABHAI RAMCHANDRA,IND,615
46,Nikol,SHAIKH SALIMUDEEN NIJAMUDEEN,IND,267
46,Nikol,PATEL PRASHANT RANGABHAI,,213
46,Nikol,MISHRA VINODKUMAR HAUSHILAPRASAD,IND,177
46,Nikol,KAZI MOHAMMED SALIM,IND,151
46,Nikol,PATEL SHANTILAL KALUBHAI,IND,140
46,Nikol,MUKESHBHAI JIVARAMBHAI PATEL,,135
46,Nikol,MAKWANA NIRMALABEN HIMMATBHAI,IND,124
46,Nikol,MEMON MOHAMADINUSH ABUBHAI,,103
46,Nikol,SAIYAD MUSTAKALIBHAI MUBARAKALIBHAI,LTSP,84
46,Nikol,YUSUFKHAN AKHTARGULKHAN PATHAN,AIHCP,79
46,Nikol,None of the Above,NOTA,1959
47,Naroda,THAWANI BALRAM KHUBCHAND,BJP,49897
47,Naroda,TIWARI OMPRAKASH DAROGAPRASAD,INC,23681
47,Naroda,AMITBHAI MOHANBHAI PATEL,AIHCP,811
47,Naroda,BRIJESH SHARMA,IND,441
47,Naroda,NIKULSINH KAMALSINH TOMAR,NCP,397
47,Naroda,CHAUHAN NARENDRASINH MAKHATULSINGH,IND,341
47,Naroda,RAJPUT RAHULSINH KISHORSINH,SHI,254
47,Naroda,DASHRATH M.DEVDA,IND,223
47,Naroda,KASHYAP RAJKUMAR NANKUBHAI,RGP,113
47,Naroda,NITA BHULCHANDANI,RSPS,95
47,Naroda,None of the Above,NOTA,1503
48,Thakkarbapa Nagar,KAKADIYA VALLABHBHAI GOBARBHAI,BJP,88124
48,Thakkarbapa Nagar,BABUBHAI MAVJIBHAI MANGUKIYA,INC,54036
48,Thakkarbapa Nagar,PANARA PRADIPKUMAR VASHARAMBHAI,BSP,981
48,Thakkarbapa Nagar,ZALA KULDIPSINH INDRASINH,ABHM,413
48,Thakkarbapa Nagar,RAHUL CHIMANBHAI MEHTA,IND,373
48,Thakkarbapa Nagar,VAGHELA ANILKUMAR VASANTBHAI,IND,361
48,Thakkarbapa Nagar,PARESHKUMAR RANCHHODBHAI DUDHAT,,297
48,Thakkarbapa Nagar,RAMESHBHAI BHIKHABHAI PAREKH  (RAMBHAI NARDIPURVALA),IND,252
48,Thakkarbapa Nagar,PARMAR NARMADABEN JITENDRABHAI,IND,198
48,Thakkarbapa Nagar,SANJAYBHAI BALUBHAI VEKARIYA,,177
48,Thakkarbapa Nagar,None of the Above,NOTA,2229
49,Bapunagar,PATEL HIMMATSINH PRAHLADSINH,INC,58785
49,Bapunagar,RAJPUT JAGRUPSINH GIRDANSINH,BJP,55718
49,Bapunagar,PATHAN AMJADKHAN JUNEDKHAN,AAP,1548
49,Bapunagar,SOLANKI NAGINKUMAR CHIMANLAL,IND,1442
49,Bapunagar,BHAVSAR KAMLESH BHOGILAL,CPI,817
49,Bapunagar,SENDAR VIKRAMKUMAR VAKTAVARMAL,BSP,616
49,Bapunagar,MAKWANA GAUTAMBHAI SHANKARBHAI,IND,301
49,Bapunagar,JAYSWAL NARESHKUMAR URFE RAJU MATAJI BABULAL,IND,243
49,Bapunagar,PATEL NIPUN PARSOTTAMBHAI,IND,242
49,Bapunagar,OJHA TRIBHAVAN RAMKALAP,MNP,234
49,Bapunagar,PARMAR BAHADURSINH GAGUBHAI,AIHCP,223
49,Bapunagar,KALATMIK PRAVINCHANDRA MAFATLAL,IND,211
49,Bapunagar,PATNI JAYANTIBHAI SENDHABHAI,,204
49,Bapunagar,SONULE ARCHANABEN  RAJENDRABHAI,IND,177
49,Bapunagar,GHANCHI MO.IRSHAD MOHAMAD AIYUB,,100
49,Bapunagar,PATHAN SALMANKHAN  SAMIKHAN,LTSP,100
49,Bapunagar,None of the Above,NOTA,1822
50,Amraiwadi,PATEL HASMUKHBHAI SOMABHAI ( H. S. PATEL ),BJP,105694
50,Amraiwadi,CHAUHAN ARVINDSINH VISHVANATHSINH ( ARVIND CHAUHAN ),INC,55962
50,Amraiwadi,RABARI BHIKHABHAI MAFABHAI,BSP,4197
50,Amraiwadi,PATIL DIPAKBHAI BHIKHABHAI,SHI,1308
50,Amraiwadi,VISHVAKARMA GYANENDRA DAYANAND,IND,496
50,Amraiwadi,PATEL VISHNUBHAI RANCHHODBHAI,,469
50,Amraiwadi,BHOSLE POONAMBEN SUNILBHAI,IND,287
50,Amraiwadi,TIVARI PRAVINKUMAR RAMLAKHAN,,246
50,Amraiwadi,JAVAL RAMESHCHANDRA NAYAK,IND,218
50,Amraiwadi,KHANDELWAL HEMANG DOLATRAM,IND,197
50,Amraiwadi,RITESHKUMAR AMRUTBHAI SHRIMALI,BRVP,172
50,Amraiwadi,None of the Above,NOTA,2427
51,Dariapur,SHAIKH GYASUDDIN HABIBUDDEEN,INC,63712
51,Dariapur,BHARAT BAROT,BJP,57525
51,Dariapur,PATEL KUNJALBHAI MAHESHBHAI,SHI,1393
51,Dariapur,MOMIN RUKNODIN MOHAMMEDAHUSSAIN (RAJU MOMIN),IND,1275
51,Dariapur,DANTANIYA ALPESHKUMAR ASHVINBHAI,IND,876
51,Dariapur,SAIYAD ALIMOHAMMED NURMOHAMMAD,IND,389
51,Dariapur,MEMAN MO. IMRAN ABDULKADAR,AIHCP,157
51,Dariapur,SHRIMALI RAMESHBHAI PRABHUDAS,IND,151
51,Dariapur,SHAIKH SAIDABANU ABDULRAHIM,IND,142
51,Dariapur,SAMSUDDIN (JUGNU),,109
51,Dariapur,SHAIKH MOHMAD FARUK HUSAINMIYA (FARUK SHAIKH),,82
51,Dariapur,None of the Above,NOTA,1616
52,Jamalpur - Khadia,IMRAN YUSUFBHAI KHEDAWALA,INC,75346
52,Jamalpur - Khadia,BHUSHAN ASHOK BHATT,BJP,46007
52,Jamalpur - Khadia,SHEKH HABIBBHAI IMAMUDDIN,NCP,3474
52,Jamalpur - Khadia,JAVED ABDULALI QURESHI,BSP,945
52,Jamalpur - Khadia,MAKWANA SHANKARBHAI SOMABHAI,IND,644
52,Jamalpur - Khadia,MAKSUD AHEMADBHAI SHARABUWALA (TENI),IND,626
52,Jamalpur - Khadia,MEHBOOB MOHMADBHAI RANGREJ,IND,247
52,Jamalpur - Khadia,SHEJADHUSEN MAZHARHUSEN TEJABWALA,AIHCP,170
52,Jamalpur - Khadia,PATHAN MAHAMADAJAMAL MOHAMADISHAK,IND,117
52,Jamalpur - Khadia,AFTABAHMED SARADARAHMED SAIYED,IND,110
52,Jamalpur - Khadia,None of the Above,NOTA,1688
53,Maninagar,PATEL SURESHBHAI DHANJIBHAI (SURESH PATEL),BJP,116113
53,Maninagar,BRAHMBHATT SHWETABEN NARENDRABHAI,INC,40914
53,Maninagar,KESHRIA SHAILESHKUMAR VALJIBHAI,BSP,1224
53,Maninagar,GOHEL RONAKBHAI PRAKASHBHAI,,815
53,Maninagar,BHATT SUNILKUMAR NARENDRABHAI,IND,453
53,Maninagar,KARNERLAS VICTORBHAI SIELA,IND,440
53,Maninagar,DINESHKUMAR POPATLAL CHAUHAN,,409
53,Maninagar,None of the Above,NOTA,2612
54,Danilimda,PARMAR SHAILESH MANHARBHAI,INC,90691
54,Danilimda,VAGHELA JITENDRA UMAKANT (JITUBHAI VAGHELA),BJP,58181
54,Danilimda,MAKWANA NEHAL AMRUTBHAI,BSP,3034
54,Danilimda,PARMAR DIPAKBHAI PURSOTTAMBHAI,BMP,806
54,Danilimda,MAKWANA NITINBHAI RAMESHBHAI,IND,505
54,Danilimda,NAGAR HEMABEN MANGABHAI,IND,455
54,Danilimda,None of the Above,NOTA,2182
55,Sabarmati,ARVIDKUMAR GANDABHAI PATEL (DALAL),BJP,108103
55,Sabarmati,DR. JITUBHAI  PATEL,INC,42895
55,Sabarmati,VALJIBHAI ODHARBHAI DESAI,IND,1824
55,Sabarmati,SHARMA ASHOK DEENDAYAL,SHI,1297
55,Sabarmati,MAKWANA MAHESHKUMAR  KANJIBHAI,BSP,771
55,Sabarmati,PUNJABI RAJESHBHAI HARIRAM,IND,563
55,Sabarmati,YADAV RAJUSINH MALKHANSINH,RKSP,438
55,Sabarmati,SONI RENUKA CHANDRAPRAKASH,AIHCP,248
55,Sabarmati,NAYAK CHANDUBHAI PARSOTTAMDAS,IND,194
55,Sabarmati,RAKSHABEN RAMESHBHAI SOLANKI,DBSP,190
55,Sabarmati,RASIK KALUBHAI MAKWANA,LSPS,138
55,Sabarmati,None of the Above,NOTA,2739
56,Asarwa,PARMAR PRADIPBHAI KHANABHAI,BJP,87238
56,Asarwa,VAGHELA KANUBHAI ATMARAM,INC,37974
56,Asarwa,KARSANBHAI DANABHAI PARMAR (K.D. PARMAR),BSP,2790
56,Asarwa,JADAV PRASHANTBHAI YAGNIKBHAI,AIHCP,675
56,Asarwa,SOLANKI ALPESHKUMAR SHANKARBHAI,IND,598
56,Asarwa,RAVAT KAMLESHBHAI KANTILAL,IND,462
56,Asarwa,RAJPURA LALITKUMAR DHANJIBHAI (LALIT RAJPURA),IND,276
56,Asarwa,TABHANI GAURANG AMBALAL,SJPCS,272
56,Asarwa,SENGAL NARANBHAI TULSIDAS (DR. N.T. SENGAL),,219
56,Asarwa,None of the Above,NOTA,2067
57,Daskroi,BABUBHAI JAMNADAS PATEL,BJP,126130
57,Daskroi,PATEL PANKAJBHAI CHIMANBHAI,INC,80938
57,Daskroi,SHRIMALI NILESHKUMAR RAMESHBHAI,IND,2217
57,Daskroi,THAKOR AJITBHAI KALAJI,AIHCP,1321
57,Daskroi,PATEL BHAVINKUMAR MAHENDRA KUMAR,BSP,1306
57,Daskroi,BAROT RAJENDRABHAI KESHABHAI,SHI,1023
57,Daskroi,PATEL ARVINDBHAI SAVJIBHAI,IND,990
57,Daskroi,JAGATSINH MADUJI CHAVDA,,897
57,Daskroi,CHUNARA ARVINDBHAI AMARBHAI,IND,896
57,Daskroi,SAVALIYA DIVYESHBHAI VITTHALBHAI,,401
57,Daskroi,None of the Above,NOTA,4760
58,Dholka,BHUPENDRASINH MANUBHA CHUDASAMA,BJP,71530
58,Dholka,RATHOD ASHVINBHAI KAMSUBHAI,INC,71203
58,Dholka,SHAKTISINH SARDARSINH SISODIYA,IND,4222
58,Dholka,BHAILALBHAI KALUBHAI PANDAV,BSP,3139
58,Dholka,VAGHELA RAMANBHAI KALJIBHAI,IND,3110
58,Dholka,MAKWANA HARIBHAI DIPUBHAI,NCP,1198
58,Dholka,MAHENDRAKUMAR SHANTILAL JADAV,BMP,1104
58,Dholka,MASHRUBHAI MOHANBHAI MAKVANA,IND,871
58,Dholka,VAGHELA ALPESHSINH SURUBHA,IND,709
58,Dholka,BHARATBHAI BABUBHAI THAKOR,IND,522
58,Dholka,RATHOD KALUBHAI LAKHABHAI,IND,420
58,Dholka,GOVINDBHAI DAHYABHAI GOL,IND,248
58,Dholka,KADARI JAVEDMIYA CHHOTASAHEB,IND,221
58,Dholka,None of the Above,NOTA,2347
59,Dhandhuka,GOHIL RAJESHKUMAR HARJIBHAI,INC,16818
59,Dhandhuka,DABHI KALUBHAI RUPABHAI,BJP,16783
59,Dhandhuka,SATHALIYA SHAMJIBHAI BHUDARBHAI,IND,409
59,Dhandhuka,GORAHVA VINODBHAI SHIVABHAI,CPIM,392
59,Dhandhuka,VAGHELA RAMESHBHAI VIRSANGBHAI,IND,302
59,Dhandhuka,MAKWANA VALJIBHAI PATHABHAI,IND,247
59,Dhandhuka,PARMAR SUNILBHAI LAKSHMANBHAI,BSP,239
59,Dhandhuka,CHUDASAMA DIGVIJAYSINH NATVARSINH,AIHCP,137
59,Dhandhuka,VISHNUKUMAR KUBERDAS PANDYA,VPP,112
59,Dhandhuka,BOGHRA GOVINDBHAI NARANBHAI,IND,102
59,Dhandhuka,PATEL GITABEN PRATAPBHAI,GHCP,84
59,Dhandhuka,JADAV GOVINDBHAI RAMJIBHAI,IND,75
59,Dhandhuka,BELAM SANJAYBHAI BATUKBHAI,IND,61
59,Dhandhuka,CHAVDA RAMDEVBHAI KHUMANSANG,IND,58
59,Dhandhuka,CHUDASAMA RAJENDRASINH JAYENDRASINH,IND,58
59,Dhandhuka,GORAHVA VANRAJBHAI VINODBHAI,INCP,45
59,Dhandhuka,None of the Above,NOTA,356
60,Dasada,SOLANKI NAUSHADJI BHALAJIBHAI,INC,73375
60,Dasada,RAMANLAL ISHVARLAL VORA,BJP,69819
60,Dasada,SHAILESH MOURYA,BSP,1547
60,Dasada,CHHANIYARA PARASOTTAMBHA TALSHIBHAI,AAP,1334
60,Dasada,MIYAVARA MIRABEN AMRUTBHAI,IND,1120
60,Dasada,YASHAVANT KALUBHAI SHAH,IND,1031
60,Dasada,MAKAWANA JIVABHAI RAMABHAI,IND,584
60,Dasada,MAKWANA KAMABHAI PETHABHAI,IND,475
60,Dasada,PANDYA RAJESHBHAI MANSUKHBHAI,VPP,292
60,Dasada,N.D.SOLANKI (ADVOCATE),BMP,290
60,Dasada,None of the Above,NOTA,3772
61,Limbdi,KOLIPATEL SOMABHAI GANDALAL,INC,83909
61,Limbdi,KIRITSINH JITUBHA RANA,BJP,69258
61,Limbdi,CHAVDA ASHOKBHAI KARSHANBHAI,BSP,2699
61,Limbdi,VADHER HARSHADKUMAR MOHANLAL,IND,2139
61,Limbdi,MER OGHADBHAI SAGRAMBHAI,IND,747
61,Limbdi,NAJABHAI PATHABHAI DHARJIYA,GHCP,576
61,Limbdi,CHAVDA MAHENDRAKUMAR MAGANBHAI,IND,507
61,Limbdi,MAKWANA UKABHAI AMARABHAI,IND,482
61,Limbdi,KANAKSINH PRAVINSINH ZALA,IND,404
61,Limbdi,GANPATBHAI GOVINDBHAI PARMAR,IND,333
61,Limbdi,ANIYALIYA DALSUKHBHAI KARAMSHIBHAI,,319
61,Limbdi,GAJENDRABHAI DAYALAL PANDYA,,271
61,Limbdi,MAJETHIYA MAHESHBHAI RATUBHAI,AIHCP,220
61,Limbdi,ANIYALIYA ISHWARBHAI NANJIBHAI,IND,212
61,Limbdi,MAKWANA PRAKASHBHAI PITAMBARBHAI,AMSP,166
61,Limbdi,None of the Above,NOTA,3356
62,Wadhwan,DHANJIBHAI PATEL (MAKSON),BJP,89595
62,Wadhwan,PATEL MOHANBHAI DAHYABHAI,INC,70071
62,Wadhwan,VASANI CHARULATA AKSHAYKUMAR,IND,2682
62,Wadhwan,MITHAPARA VASHRAMBHAI BHAVUBHAI,BSP,2179
62,Wadhwan,VORA BHAVANBHAI DEVJIBHAI,IND,1229
62,Wadhwan,VAGHELA TULSIBHAI SHIVABHAI,IND,1216
62,Wadhwan,RATHOD GITABEN BABUBHAI,IND,1166
62,Wadhwan,PARMAR PRABHUBHAI GOKALBHAI,GHCP,560
62,Wadhwan,YADAV PARSHOTAMBHAI HIRABHAI,IND,465
62,Wadhwan,CHAUHAN JAYESHBHAI LALJIBHAI,IND,402
62,Wadhwan,MOVAR HASANBHAI IBRAHIMBHAI,IND,278
62,Wadhwan,KANJIYA RAJESHBHAI JEMALBHAI,VPP,225
62,Wadhwan,JADAV RAJBHA BHARATSINH,IND,222
62,Wadhwan,ZALA GIRIRAJSINH VIDURSINH,IND,210
62,Wadhwan,MAKWANA UKABHAI AMRABHAI,IND,186
62,Wadhwan,JAM SULEMAN HASANBHAI,IND,165
62,Wadhwan,MAKWANA JAGJIVANBHAI RAMJIBHAI,RDP,156
62,Wadhwan,BAKULBHAI MOHANBHAI VORA,LSPS,131
62,Wadhwan,None of the Above,NOTA,1312
63,Chotila,MAKWANA RUTVIKBHAI LAVJIBHAI,INC,79960
63,Chotila,DERVALIYA ZINABHAI NAJABHAI,BJP,56073
63,Chotila,DETHALIYA VERSHIBHAI NANJIBHAI,IND,3792
63,Chotila,KHORANI AJITBHAI DEVABHAI,BSP,2668
63,Chotila,BHARATBHAI VITHALBHAI RANGPARA,IND,1627
63,Chotila,MALAKIYA ASHVINBHAI RANCHHODBHAI,VPP,1569
63,Chotila,MER JIGNASHABEN RAJESHKUMAR,AIHCP,1521
63,Chotila,DHADHAL JAYRAJBHAI LAKHUBHAI,IND,1160
63,Chotila,VANANI KIRITKUMAR DHANJIBHAI,,616
63,Chotila,DABHI NARSINHBHAI SOMABHAI,IND,507
63,Chotila,OTRADI GORDHANBHAI CHHANABHAI,IND,340
63,Chotila,KHORANI VINUBHAI LALJIBHAI,IND,332
63,Chotila,None of the Above,NOTA,2581
64,Dhrangadhra,PARSOTAM UKABHAI SABARIYA,INC,97135
64,Dhrangadhra,SONAGRA JERAMBHAI DHANJIBHAI,BJP,83219
64,Dhrangadhra,MOBATKHAN ALAMKHAN MALEK,BSP,2060
64,Dhrangadhra,BHATTI ASLAM GAFARBHAI,IND,1874
64,Dhrangadhra,MAKVANA SHANTILAL PAMABHAI,IND,1091
64,Dhrangadhra,KAILA JAYKUMAR MAHENDRABHAI,AIHCP,1055
64,Dhrangadhra,DHANJIBHAI LAXMANBHAI CHANDURA,BMP,702
64,Dhrangadhra,BOBADA NAZIRHUSEN GULABBHAI,IND,532
64,Dhrangadhra,DADHANIYA KAMLESH MULJIBHAI,AAP,512
64,Dhrangadhra,KANTILAL DANJIBHAI CHHANSIYA,IND,499
64,Dhrangadhra,GOHIL YASHPALSINH BATUKSINH,IND,434
64,Dhrangadhra,None of the Above,NOTA,4468
65,Morbi,BRIJESH MERJA,INC,89396
65,Morbi,AMRUTIYA KANTILAL SHIVLAL,BJP,85977
65,Morbi,SUKHABHAI DAYABHAI KUMBHARAVADIYA,IND,1387
65,Morbi,GADHIYA DHARMENDRABHAI SHIVLAL,AIHCP,1236
65,Morbi,GOGARA DIPAKBHAI GANDUBHAI,SHI,768
65,Morbi,MIRANI VIVEK JAYANTILAL (BABALU),IND,690
65,Morbi,ARAJANBHAI PALABHAI RATHOD,IND,538
65,Morbi,ARVINDBHAI LALJIBHAI KAVAR,IND,420
65,Morbi,None of the Above,NOTA,3069
66,Tankara,KAGATHARA LALITBHAI,INC,94090
66,Tankara,RAGHAVAJIBHAI JIVARAJBHAI GADARA,BJP,64320
66,Tankara,SHEKHVA VELJIBHAI NATHUBHAI,BSP,1971
66,Tankara,SADATIYA AMRUTLAL DEVSHIBHAI,IND,1093
66,Tankara,SATUBHA AMARSANG JADEJA,IND,662
66,Tankara,KHODABHAI JAGABHAI PANCHIYA,IND,546
66,Tankara,AATRESHA RAMESHBHAI SHIVABHAI,IND,408
66,Tankara,PARAMAR NIRMLABEN KAMLESHBHAI,RPI,386
66,Tankara,BAVARVA NARENDRA CHUNILAL,AIHCP,276
66,Tankara,AMRUTIYA HARSUKHBHAI RATNABHAI,IND,276
66,Tankara,VANOL KESHARBEN VALJIBHAI,,249
66,Tankara,None of the Above,NOTA,2885
67,Wankaner,PIRZADA MAHAMADJAVID ABDULMUTALIB,INC,72588
67,Wankaner,JITENDRA KANTILAL SOMANI (JITU SOMANI),BJP,71227
67,Wankaner,GORDHANBHAI POLABHAI SARAVAIYA,IND,25547
67,Wankaner,BLOCH MUSTAKBHAI GULMAHMADBHAI,BSP,3271
67,Wankaner,SHERASIYA USMANGANI HUSHEN,AAP,2808
67,Wankaner,ZAPADIYA JAGABHAI VISABHAI,NCP,1026
67,Wankaner,SHERASIYA HUSHENBHAI JALALBHAI,AIHCP,753
67,Wankaner,MAHEBUB JAMALBHAI PIPARVADIYA,IND,734
67,Wankaner,VALJIBHAI RAGHAVBHAI CHAUHAN,IND,697
67,Wankaner,JITENDRABHAI PARSOTAMBHAI MANDANI,IND,469
67,Wankaner,BALAVANT GOVINDBHAI SINDHAV,IND,417
67,Wankaner,NARANBHAI MANJIBHAI AJADIYA,IND,285
67,Wankaner,MAMADBHAI MIRAJI MATHAKIYA,,234
67,Wankaner,None of the Above,NOTA,3170
68,Rajkot East,ARVIND RAIYANI,BJP,93087
68,Rajkot East,MITUL DONGA,INC,70305
68,Rajkot East,GOHEL MADHUBHAI ARJANBHAI,BSP,2236
68,Rajkot East,AJIT GHUSABHAI LOKHIL,AAP,1927
68,Rajkot East,RANPARIYA JERAMBHAI HARJIBHAI,IND,827
68,Rajkot East,VAGHELA RAMDEVSINH BHURUBHA,IND,618
68,Rajkot East,KARNABHAI MALDHARI,BTP,574
68,Rajkot East,RAUMA MOHSINBHAI AADAMBHAI,IND,529
68,Rajkot East,DHOLAKIYA JITESHBHAI NANJIBHAI,VPP,431
68,Rajkot East,MUKESHBHAI KESHVJEEBHAI RAMANEE,IND,304
68,Rajkot East,PARMAR REKHABEN BHARATBHAI,IND,231
68,Rajkot East,BHAVESHBHAI RAMNIKBHAI BHALARA,IND,213
68,Rajkot East,None of the Above,NOTA,3587
69,Rajkot West,VIJAY RUPANI,BJP,131586
69,Rajkot West,INDRANIL RAJGURU,INC,77831
69,Rajkot West,PARMAR VIJAYBHAI SOMABHAI,BSP,1198
69,Rajkot West,KETAN MANSUKHBHAI CHANDARANA,SHI,578
69,Rajkot West,RAJENDRAKUMAR SHAMJIBHAI CHAUHAN,IND,509
69,Rajkot West,HARIBHAI PARMAR,IND,437
69,Rajkot West,MASHRU VALLABHBHAI VIJAYKUMAR,IND,288
69,Rajkot West,MAHESHBHAI KESHUBHAI BHUT,GHCP,242
69,Rajkot West,BINA DIPAKBHAI LADANI,IND,210
69,Rajkot West,JADEJA SIDDHRAJSINH SANJAYSINH,IND,189
69,Rajkot West,NARAN M. VAKATAR,IND,119
69,Rajkot West,DHANRAJSINH H CHAUHAN,IND,116
69,Rajkot West,CHIMANLAL KURJIBHAI BHUVA,IND,96
69,Rajkot West,VIRANI BHARATBHAI NAGAJIBHAI,,89
69,Rajkot West,UPADDHYAY DHARMESH HASMUKHRAI,IND,86
69,Rajkot West,None of the Above,NOTA,3309
70,Rajkot South,GOVINDBHAI PATEL,BJP,98951
70,Rajkot South,DR. DINESH CHOVATIYA,INC,51830
70,Rajkot South,ANJU PADALIYA,BSP,1528
70,Rajkot South,DESAI VINODBHAI NANJIBHAI,NCP,517
70,Rajkot South,VINODBHAI NANALAL MAKVANA,IND,389
70,Rajkot South,GIRISHBHAI VALLABHABHAI MARAVIYA (PATEL),AAP,284
70,Rajkot South,JASPALSINH MAHAVIRSINH TOMAR,IND,283
70,Rajkot South,NISHANTBHAI PATEL,SHI,230
70,Rajkot South,KUBAVAT ATULBHAI KANUBHAI,IND,186
70,Rajkot South,AZIZ IQBALBHAI  VIRANI,IND,163
70,Rajkot South,None of the Above,NOTA,2251
71,Rajkot Rural,LAKHABHAI SAGATHIYA,BJP,92114
71,Rajkot Rural,VASHRAMBHAI ALABHAI SAGATHIYA,INC,89935
71,Rajkot Rural,KIRANBHAI DHANJIBHAI MAKWANA,BSP,3323
71,Rajkot Rural,SAGATHIYA JAYESH DINESHBHAI,IND,922
71,Rajkot Rural,HARSHAD RAGHUBHAI MAKWANA,NCP,880
71,Rajkot Rural,SATISHBHAI MULJIBHAI SAGATHIYA,IND,820
71,Rajkot Rural,MAKWANA KAUSHIKBHAI MULAJIBHAI,IND,593
71,Rajkot Rural,DR. DEGDA JAYESHBHAI SOMABHAI,IND,369
71,Rajkot Rural,DANGAR RAMESHBHAI LALJIBHAI,IND,363
71,Rajkot Rural,PUNJABHAI ARJANBHAI SOLANKI,IND,360
71,Rajkot Rural,DENGADA PRAVINBHAI MEGHJIBHAI,IND,281
71,Rajkot Rural,DINESHBHAI BABUBHAI PARMAR,IND,253
71,Rajkot Rural,HARSHADBHAI NATHABHAI DHAMMAR,,227
71,Rajkot Rural,KISHANBHAI KHIMJIBHAI PARMAR,IND,200
71,Rajkot Rural,None of the Above,NOTA,2559
72,Jasdan,BAVALIYA KUNVARJIBHAI MOHANBHAI,INC,84321
72,Jasdan,DR.BHARAT KHODABHAI BOGHARA,BJP,75044
72,Jasdan,RAJPARA MAGANBHAI JADAVBHAI,IND,1492
72,Jasdan,RATHOD VIRDASBHAI NANJIBHAI,BSP,944
72,Jasdan,RAJPARA MANUBHAI SAVSIBHAI,AIHCP,841
72,Jasdan,PARMAR VALLABHBHAI MITHABHAI,GHCP,683
72,Jasdan,MOTIBHAI GOKALBHAI RAJPARA,IND,615
72,Jasdan,MANKOLIYA BHARATBHAI JESABHAI,IND,406
72,Jasdan,SARIYA HARJIBHAI PUNABHAI,VPP,368
72,Jasdan,SHAKORIYA HASMUKHBHAI NARANBHAI,SHI,360
72,Jasdan,DINESHBHAI KHIMJIBHAI RATHOD,IND,338
72,Jasdan,KANUBHAI ALABHAI RATHOD,IND,312
72,Jasdan,PARESHBHAI KURAJIBHAI ROJASARA,IND,274
72,Jasdan,GORADHANBHAI AMARASHIBHAI TAVIYA,IND,256
72,Jasdan,TAVIYA RANCHHODBHAI DHARAMSHIBHAI,IND,233
72,Jasdan,None of the Above,NOTA,2504
73,Gondal,JADEJA GEETABA JAYRAJSINH,BJP,70506
73,Gondal,KHATARIYA ARJUNBHAI GHANSHYAMBHAI,INC,55109
73,Gondal,JADEJA OMDEVSINH PRABHATSINH,NCP,6004
73,Gondal,KHUNT NIMISHABEN DHIRAJLAL,AAP,2179
73,Gondal,SAKHIYA RAJESHBHAI LALJIBHAI,BSP,1210
73,Gondal,LAVADIYA UGABHAI GHUSABHAI,IND,791
73,Gondal,VARDHANI MUKESHBHAI DHOLUMAL,IND,481
73,Gondal,RADADIYA CHIRAGBHAI CHANDUBHAI,IND,284
73,Gondal,CHANDUBHAI BACHUBHAI VAGHASIYA,,208
73,Gondal,KHATARIYA DHARMESHBHAI BHUPATBHAI,IND,181
73,Gondal,JAYESHKUMAR GHOGHABHAI VADODARIYA,AIHCP,172
73,Gondal,PANDYA RUSHIKESHBHAI MANSUKHBHAI,BRVP,155
73,Gondal,None of the Above,NOTA,2595
74,Jetpur,RADADIYA JAYESHBHAI VITTHALBHAI,BJP,98948
74,Jetpur,AMBALIYA RAVIBHAI JAMANADAS,INC,73367
74,Jetpur,CHAVDA DINESHKUMAR MENANDBHAI,BSP,1065
74,Jetpur,ALPESH VALLABHBHAI VADOLIYA (108),IND,705
74,Jetpur,SONDARVA ASHOK NANJI,IND,630
74,Jetpur,RADADIYA VIMAL VRAJLAL,IND,608
74,Jetpur,PATEL MAYUR CHANDULAL,NCP,600
74,Jetpur,RADADIYA MAHESH MANSUKHLAL,IND,347
74,Jetpur,SAVALIYA VIJAYBHAI JAGDISHBHAI,IND,320
74,Jetpur,None of the Above,NOTA,3136
75,Dhoraji,LALIT VASOYA,INC,85070
75,Dhoraji,PATEL HARIBHAI,BJP,59985
75,Dhoraji,CHUDASAMA HARPALSINH RANJITSINH,AIHCP,2199
75,Dhoraji,SONDARAVA ASHOK NANJI,IND,2026
75,Dhoraji,BHASKER MANHARLAL KARSANJI,BSP,1926
75,Dhoraji,PARMAR SAHID ABDULBHAI (HEDLI),IND,1224
75,Dhoraji,SONDARVA VASHRAMBHAI BACHUBHAI,IND,1183
75,Dhoraji,DER JETHABHAI FOGALBHAI,SP,894
75,Dhoraji,SAMA AMINBHAI ISHAKBHAI,IND,536
75,Dhoraji,CHAVDA PARESHKUMAR GIRDHARLAL,IND,394
75,Dhoraji,KIRTIKUMAR BAVANJIBHAI MARVANIYA,IND,349
75,Dhoraji,HARDIKKUMAR HARSHADBHAI VACHHANI,AAP,339
75,Dhoraji,MONABEN DUSHYANTKUMAR BALDANIYA,GHCP,269
75,Dhoraji,SUTARIYA MANISHABEN NILESHBHAI,,170
75,Dhoraji,VAGHAMSHI VIPULBHAI HASMUKHBHAI,,168
75,Dhoraji,VAKIL VINZUDA RANJIT NARANBHAI,,155
75,Dhoraji,DHARAR JAHIRBHAI JAVIDBHAI,,126
75,Dhoraji,None of the Above,NOTA,1204
76,Kalavad S.C.,MUSADIYA PRAVINBHAI NARASHIBHAI,INC,78085
76,Kalavad S.C.,GHAIYADA MULJIBHAI DAYABHAI,BJP,45134
76,Kalavad S.C.,SONDARVA DAMJIBHAI NAJABHAI,BSP,2185
76,Kalavad S.C.,SINGAL MAVJIBHAI MANJIBHAI,IND,1408
76,Kalavad S.C.,VAGHELA GAUTAMBHAI MANGABHAI,IND,445
76,Kalavad S.C.,MAKWANA ASHOKBHAI (KALI) PINAKINBHAI,AIHCP,408
76,Kalavad S.C.,KHARA DEVJIBHAI ALABHAI,IND,334
76,Kalavad S.C.,PADHIYAR LALJIBHAI KARABHAI,RPI,332
76,Kalavad S.C.,DIPAKBHAI NATHABHAI VAGHELA,IND,284
76,Kalavad S.C.,None of the Above,NOTA,2736
77,Jamnagar Rural,DHARAVIYA VALLABHBHAI VELJIBHAI,INC,70750
77,Jamnagar Rural,PATEL RAGHAVJIBHAI HANSARAJBHAI,BJP,64353
77,Jamnagar Rural,GORI ALI MAMADBHAI,IND,2423
77,Jamnagar Rural,GANDHA ISMAILBHAI JUMABHAI,IND,1488
77,Jamnagar Rural,KHOL RAJAKBHAI ALIBHAI,IND,817
77,Jamnagar Rural,CHINTAN JAGJIVANBHAI KALAVADIYA,IND,721
77,Jamnagar Rural,MARAKANA JAYESH HARJIBHAI,NCP,681
77,Jamnagar Rural,SUMBHANIYA JAVIDBHAI AHEMADBHAI,IND,639
77,Jamnagar Rural,JADEJA ASHOKSINH VAJESANG,LGP,369
77,Jamnagar Rural,KHOD ABDULKARIMBHAI NURMAMADBHAI,IND,358
77,Jamnagar Rural,LOKHIL MANUBHAI RANABHAI AHIR,IND,332
77,Jamnagar Rural,PARESHKUMAR BHANUBHAI BHANDERI,AAP,327
77,Jamnagar Rural,KHARA DEVJIBHAI ALABHAI,IND,319
77,Jamnagar Rural,HARANIA OTAMCHAND RAISHI,SHI,287
77,Jamnagar Rural,KADRI ABDULKADAR GULAM,IND,280
77,Jamnagar Rural,KHAFI MAMADBHAI JUMABHAI,IND,275
77,Jamnagar Rural,SATAVARA DAYALBHAI AMBABHAI (DHARVIYA),IND,267
77,Jamnagar Rural,SACHDA AKHATAR AADAM,IND,218
77,Jamnagar Rural,BAMBHAVA VEJA DANA,,218
77,Jamnagar Rural,BHAMBHI DIPAK JIVABHAI,IND,213
77,Jamnagar Rural,GOSWAMI VINODGIRI RAMESHGIRI,,198
77,Jamnagar Rural,L.B.PRAJAPATI,AIHCP,190
77,Jamnagar Rural,PATARA GANI ISMAIL,IND,187
77,Jamnagar Rural,MANDAVIYA VITTHAL NANJIBHAI,IND,176
77,Jamnagar Rural,KAKAL NURMAMAD MUSABHAI,IND,173
77,Jamnagar Rural,PARMAR BHURALAL MEGHJIBHAI,IND,164
77,Jamnagar Rural,MALEK ABEDABEN HUSHENBHAI,IND,110
77,Jamnagar Rural,None of the Above,NOTA,1523
78,Jamnagar North,JADEJA DHARMENDRASINH  MERUBHA (HAKUBHA),BJP,84327
78,Jamnagar North,AHIR JIVANBHAI KARUBHAI KUMBHARVADIYA,INC,43364
78,Jamnagar North,GUJARATISURYA KAMLESHBHAI LAXMANBHAI,IND,4047
78,Jamnagar North,GOTAM ALABHAI VAGHELA,BSP,1957
78,Jamnagar North,JOGAL ARJAN,IND,1568
78,Jamnagar North,JAFARBHAI JUSABBHAI DODEPAUTRA,NCP,831
78,Jamnagar North,PARMAR JAGDISHBHAI DEVSIBHAI,IND,729
78,Jamnagar North,PARMAR DEVJI,IND,666
78,Jamnagar North,CHAUHAN HAMIDABEN,IND,625
78,Jamnagar North,KHAFI ARIF JUMABHAI,IND,437
78,Jamnagar North,KURESHI MAHAMADSIDIK HASAMBHAI,IND,354
78,Jamnagar North,JADAV DINESH DEVSIBHAI,IND,284
78,Jamnagar North,CHAVDA JUNAS MAMAD,IND,271
78,Jamnagar North,VAGHELA KANJI JETHABHAI (K. J. VAGHELA),IND,258
78,Jamnagar North,RAYJADA SIRAJBHAI DOSTMAMADBHAI,IND,249
78,Jamnagar North,AHIR CHAVDA DIPAK DEVATBHAI,SHI,245
78,Jamnagar North,PARMAR DINESH BHARATBHAI,IND,200
78,Jamnagar North,BHAMBHI ASHOK KARABHAI,IND,184
78,Jamnagar North,ARTHIYA ASHOKBHAI,AIHCP,183
78,Jamnagar North,SANGHANI CHANDRESH,IND,165
78,Jamnagar North,KURESHI HANIF ABDULKARIM,IND,156
78,Jamnagar North,MAKWANA RAMESH AMARABHAI,IND,155
78,Jamnagar North,AMRONIYA INUS MAMAD,IND,138
78,Jamnagar North,SAMEJA MAMAD KASAMBHAI,BRVP,123
78,Jamnagar North,None of the Above,NOTA,1538
79,Jamnagar South,RANCHHODBHAI CHANABHAI FALDU (R.C.FALDU),BJP,71718
79,Jamnagar South,ASHOK LAL,INC,55369
79,Jamnagar South,ASHVINBHAI NATHABHAI CHAVDA,BSP,1627
79,Jamnagar South,KHAFI BODUBHAI ISMAIL,,489
79,Jamnagar South,BRIJESH VIJAYBHAI NANDA (MUNNABHAI),SHI,415
79,Jamnagar South,ZALA JAYDIP SUBHASHBHAI,IND,360
79,Jamnagar South,PARMAR DEVJI JETHABHAI,IND,336
79,Jamnagar South,KU. JAGRUTIBEN NAUTAMLAL VYAS (ADVOCATE),AIHCP,276
79,Jamnagar South,CHANDRA HEMLATABEN JAVAHARBHAI,IND,145
79,Jamnagar South,JAYDEVSINH JILUBHA CHAUHAN,IND,142
79,Jamnagar South,None of the Above,NOTA,2326
80,Jamjodhpur,KALARIYA CHIRAGBHAI RAMESHBHAI,INC,64212
80,Jamjodhpur,CHIMANBHAI DHARAMSHIBHAI SAPARIYA,BJP,61694
80,Jamjodhpur,HAMIRANI SALIMBHAI HUSHENBHAI,IND,1355
80,Jamjodhpur,PRAVINBHAI VALLABHBHAI NARIYA,BSP,1160
80,Jamjodhpur,DANGAR RAMESHBHAI VARVABHAI,IND,1035
80,Jamjodhpur,RABADIYA MOHANLAL HIRJIBHAI,SP,937
80,Jamjodhpur,SAFIYA MAMADBHAI HAJIBHAI,IND,463
80,Jamjodhpur,KARSHANBHAI LAKHABHAI HARALAJANI,IND,422
80,Jamjodhpur,CHUDASAMA GAMBHIRSINH JILUBHA,IND,372
80,Jamjodhpur,SHIDA ABU UMAR,IND,256
80,Jamjodhpur,LADANI CHANDRIKABEN DILIPBHAI,IND,193
80,Jamjodhpur,JADEJA VIJAYSINH ANOPSINH,IND,153
80,Jamjodhpur,None of the Above,NOTA,3214
81,Khambhalia,AHIR VIKRAMBHAI ARJANBHAI MADAM,INC,79779
81,Khambhalia,KALUBHAI NARANBHAI CHAVDA,BJP,68733
81,Khambhalia,NAGASH KARSHANBHAI JESHABHAI,IND,2513
81,Khambhalia,PARMAR GIRISHBHAI MULJIBHAI,IND,1433
81,Khambhalia,GAJJAN ABBAS UMAR,NCP,882
81,Khambhalia,DALIT CHAVDA ASHOK NATHABHAI,IND,843
81,Khambhalia,PARMAR JAMANBHAI KESHABHAI,IND,719
81,Khambhalia,VAGHELA KIRITSINH KESHUBHA,AIHCP,584
81,Khambhalia,KETANBHAI SAVJIBHAI PARMAR,AAP,449
81,Khambhalia,PIPROTAR DILIP NAGABHAI,,387
81,Khambhalia,SUMBHANIYA ISMAIL OSMAN,IND,335
81,Khambhalia,POSTARIYA MALDE NATHUBHAI,SHI,308
81,Khambhalia,JOKHIYA ANVARBHAI UMARBHAI,IND,299
81,Khambhalia,GANDHAR HANIFBHAI HARUNBHAI,IND,284
81,Khambhalia,SUMBHANIYA SULTAN VAHAB,IND,253
81,Khambhalia,JUNEJA RAJAK BAUDINBHAI,IND,201
81,Khambhalia,CHOPDA RENUKABEN NARENDRABHAI,IND,189
81,Khambhalia,JADEJA RAJENDRASINH JILUBHA,IND,179
81,Khambhalia,JASHRAYA JAVED HUSENBHAI,IND,138
81,Khambhalia,JADEJA DILIPSINH PRATAPSINH,IND,136
81,Khambhalia,None of the Above,NOTA,962
82,Dwarka,PABUBHA VIRAMBHA MANEK,BJP,65119
82,Dwarka,AHIR MERAMAN MARKHI,INC,58176
82,Dwarka,MADAM RANMALBHAI LAKHUBHAI,NCP,2428
82,Dwarka,CHETARIYA RAMBHAI KARSHANBHAI,BSP,1651
82,Dwarka,ASHOKBHAI JIVABHAI VAGHELA,IND,1515
82,Dwarka,KANJARIYA ARJAN KESHA,IND,1194
82,Dwarka,BHAGAVANJIBHAI HEMRAJBHAI THOBHANI,IND,932
82,Dwarka,MAKAVANA SHAILESHBHAI LAKHABHAI,IND,558
82,Dwarka,BOLIM HAJIBHAI ABHARAMBHAI,IND,314
82,Dwarka,BOLIM MAMAD KASAMBHAI,IND,284
82,Dwarka,RANMALBHAI ARJANBHAI GODHAM,SHI,260
82,Dwarka,CHETARIYA VAJSHIBHAI KANABHAI,IND,206
82,Dwarka,SONAGARA CHANDUBHAI BHIKHABHAI,AIHCP,182
82,Dwarka,None of the Above,NOTA,2629
83,Porbandar,BABUBHAI BHIMABHAI BOKHIRIYA,BJP,72430
83,Porbandar,ARJUNBHAI DEVABHAI MODHVADIYA,INC,70575
83,Porbandar,AANANDBHAI HAJABHAI MARU,BSP,4337
83,Porbandar,MODHVADIYA ARJANBHAI VIRAMBHAI,IND,836
83,Porbandar,ODEDARA GANGABHAI MALDEBHAI,,656
83,Porbandar,SUNIL MODHA,IND,495
83,Porbandar,BOKHIRIYA VASTABHAI ARJANBHAI,IND,330
83,Porbandar,DASA RAMA LAKHMANBHAI,AIHCP,287
83,Porbandar,BHADRECHA PINTUBHAI RAMJI,IND,272
83,Porbandar,RAJESH GAURISHANKAR PANDYA,SHI,209
83,Porbandar,UNADKAT PRAKASHBHAI VALLABHDAS,IND,154
83,Porbandar,None of the Above,NOTA,3433
84,Kutiyana,JADEJA KANDHALBHAI SARMANBHAI,NCP,59406
84,Kutiyana,ODEDRA LAKHAMANBHAI BHIMABHAI,BJP,35697
84,Kutiyana,MODEDRA VEJABHAI LILABHAI,INC,11670
84,Kutiyana,VRAJLAL PABABHAI SADIYA,BSP,3169
84,Kutiyana,SHAMLA RAMABHAI GOGANBHAI,IND,1913
84,Kutiyana,VAGHELA LALJIBHAI SOMABHAI,IND,884
84,Kutiyana,KHUNTI KANABHAI JAKHRABHAI,IND,453
84,Kutiyana,RATHOD CHANDULAL MOHANBHAI,IND,418
84,Kutiyana,BHATT NITINBHAI VRAJLAL,IND,245
84,Kutiyana,ODEDARA BALUBHAI RAMABHAI,IND,201
84,Kutiyana,JOSHI HARISH LILADHAR,IND,199
84,Kutiyana,KADEGIYA GANGABHAI KANABHAI,IND,165
84,Kutiyana,None of the Above,NOTA,3475
85,Manavadar,CHAVDA JAWAHARBHAI PETHALJIBHAI,INC,88570
85,Manavadar,NITINKUMAR (TINUBHAI) VALJIBHAI FADADU,BJP,58807
85,Manavadar,CHANDANI YUNUSBHAI ADREMANBHAI,BSP,1549
85,Manavadar,SODHA HUSHENABEN HUSHENBHAI,IND,935
85,Manavadar,VANAVI HITENDRABHAI DEVJIBHAI,IND,612
85,Manavadar,GADHIYA SHARDABEN RAVAJIBHAI,,575
85,Manavadar,MADHUKANT KANJI GAJERA,RDP,351
85,Manavadar,TANK AMRUTLAL NARAN,IND,315
85,Manavadar,JIVANI RAJUBHAI DAYALAL,,282
85,Manavadar,None of the Above,NOTA,2326
86,Junagadh,JOSHI BHIKHABHAI GALABHAI,INC,76850
86,Junagadh,MASHRU MAHENDRABHAI LILADHARBHAI,BJP,70766
86,Junagadh,CHOVATIYA DHANAJIBHAI JASMATBHAI,BSP,1194
86,Junagadh,HARESHKUMAR MANUBHAI SARDHARA,IND,1052
86,Junagadh,CHAVADA DHARMENDRABHAI  GOKALBHAI,PPS,697
86,Junagadh,VASOYA RAMESHBHAI GOKALBHAI,IND,514
86,Junagadh,NOYADA ABUBHAI TARMAMDBHAI,IND,302
86,Junagadh,VAGHERA KIRIT NANJIBHAI,BMP,299
86,Junagadh,RANINGA BHARAT PRAGAJIBHAI,AIHCP,251
86,Junagadh,DHIVARE DAXABEN SUBHASHBHAI,,238
86,Junagadh,JIGNESHBHAI BABUBHAI RAKHOLIYA,,236
86,Junagadh,DALASANIYA BHARATBHAI MULJIBHAI,IND,223
86,Junagadh,PATHAR SANJAYBHAI VALLABHBHAI,,177
86,Junagadh,INDRAJITSINH SURENDRASINH RATHOD,IND,157
86,Junagadh,None of the Above,NOTA,1980
87,Visavadar,RIBADIYA HARSHADKUMAR MADHAVAJIBHAI,INC,81882
87,Visavadar,PATEL KIRIT BALUBHAI,BJP,58781
87,Visavadar,JAGUBHAI RANINGBHAI VANK,BSP,2588
87,Visavadar,HARUNBHAI HUSENBHAI SUMARA,IND,1093
87,Visavadar,BLOCH RAHIMBHAI ALIBHAI,INCP,966
87,Visavadar,MAKWANA DHARMENDRA VAJUBHAI,IND,885
87,Visavadar,RAMOLIYA BHUPATBHAI BHIKHABHAI,,632
87,Visavadar,AGAVAN SADIK KARIM,IND,408
87,Visavadar,RUPAPARA PANKAJ RAMESHBHAI,RDP,360
87,Visavadar,HARESHBHAI KARAMSHIBHAI DOBARIA,AIHCP,356
87,Visavadar,None of the Above,NOTA,1758
88,Keshod,DEVABHAI PUNJABHAI MALAM,BJP,71425
88,Keshod,JAYESHKUMAR VALJIBHAI LADANI,INC,60619
88,Keshod,KHIMANANDBHAI GOVINDBHAI JARER,NCP,1155
88,Keshod,SHAILESHKUMAR NAUTTAMLAL PANDYA,IND,859
88,Keshod,JADAVBHAI BACHUBHAI CHUDASAMA,GHCP,774
88,Keshod,LALITKUMAR LALJIBHAI DEDANIA,IND,759
88,Keshod,DHARMESHBHAI KIRTIBHAI PARMAR,BMP,412
88,Keshod,MAHESHBHAI DEVSHIBHAI MAKWANA,IND,409
88,Keshod,PRAVINBHAI BALUBHAI VANPARIYA,IND,317
88,Keshod,ASHOK  PALA,IND,209
88,Keshod,KAPIL RAMESHCHANDRA DAVE,IND,192
88,Keshod,NATHABHAI VASHRAMBHAI RATHOD,AIHCP,163
88,Keshod,None of the Above,NOTA,1484
89,Mangrol,VAJA BABUBHAI KALABHAI,INC,71654
89,Mangrol,KARGATIYA BHAGVANJIBHAI LAKHABHAI,BJP,57740
89,Mangrol,CHANDEGARA SANJAYKUMAR KANTIBHAI,IND,1938
89,Mangrol,SATBHAYA ASHWINLAL KANTILAL,IND,1238
89,Mangrol,DAL IKBALBHAI HASANBHAI,IND,625
89,Mangrol,None of the Above,NOTA,1847
90,Somnath,CHUDASAMA VIMALBHAI KANABHAI,INC,94914
90,Somnath,JASHABHAI BHANABHAI BARAD,BJP,74464
90,Somnath,SHAHMADAR HANIFSHA REMANSHA,BSP,1612
90,Somnath,BHADARKA HASAN KASAM,IND,1504
90,Somnath,DHEKA MAHMADFARUK HARUNBHAI,IND,447
90,Somnath,CHANDAPA KISHAN HAJABHAI,IND,340
90,Somnath,TANK YUSUFBHAI REMAN,IND,238
90,Somnath,JUNGI PRATAPBHAI CHUNILAL,IND,227
90,Somnath,IMRAN NURMAHMAD SIMARI,IND,216
90,Somnath,CHANCHIYA GAFARBHAI ALIBHAI,IND,132
90,Somnath,CHAUHAN RAFIK HUSEN,IND,126
90,Somnath,OZA RAHULBHAI MANSUKHLAL,IND,110
90,Somnath,GOHEL MULJIBHAI NARANBHAI,IND,107
90,Somnath,GOHEL HARUN ALI,IND,84
90,Somnath,None of the Above,NOTA,3856
91,TALALA,AHIR  BHAGABHAI DHANABHAI BARAD,INC,85897
91,TALALA,PARMAR GOVINDBHAI VARJANGBHAI,BJP,54167
91,TALALA,THUMAR VRUJLAL KHIMABHAI,BSP,2171
91,TALALA,DAKI JAYSUKHLAL JADAVBHAI,IND,1105
91,TALALA,PARMAR  RAMJIBHAI MANANDBHAI,IND,842
91,TALALA,BHARATHI ASHOKKUMAR REVUBHAI,IND,632
91,TALALA,None of the Above,NOTA,1227
92,Kodinar,MOHANLAL MALABHAI VALA,INC,72408
92,Kodinar,VADHER RAMBHAI MEPABHAI,BJP,57873
92,Kodinar,VINODBHAI KHIMABHAI SOLANKI,BMP,1780
92,Kodinar,VALA LALITKUMAR MADHUBHAI,NCP,1211
92,Kodinar,VADHEL MALABHAI TEJABHAI,IND,1176
92,Kodinar,VADHEL JAGDISHBHAI NATHABHAI,AIHCP,632
92,Kodinar,None of the Above,NOTA,2385
93,Una,VANSH PUNJABHAI BHIMABHAI,INC,72775
93,Una,HARIBHAI BOGHABHAI SOLANKI,BJP,67847
93,Una,PARMAR JENTIBHAI KANABHAI,BSP,2486
93,Una,HARSHADBHAI CHHAGANBHAI BAMBHANIYA,IND,1575
93,Una,BARIA BABUBHAI BHIMABHAI,IND,1191
93,Una,JESING SHAMJI RATHOD,,968
93,Una,SHANTILAL DANABHAI KIDECHA,GHCP,719
93,Una,RATHOD DAYABHAI LAKHABHAI,BMP,457
93,Una,None of the Above,NOTA,1861
94,Dhari,J V  KAKADIYA,INC,66644
94,Dhari,DILIP   SANGHANI,BJP,51308
94,Dhari,KHATARIYA HAMIRBHAI LAKHABHAI,IND,1942
94,Dhari,SURESHBHAI DHIRUBHAI  RAMANI,IND,1216
94,Dhari,KOLADIYA DHARMENDRABHAI KALUBHAI,AIHCP,890
94,Dhari,PARMAR JAYSUKHBHAI MOHANBHAI,IND,454
94,Dhari,KATIYA RAVJIBHAI KHIMJIBHAI,IND,436
94,Dhari,VALA JASHUBHAI NANKABHAI,IND,381
94,Dhari,CHIRAGKUMAR SURESHBHAI PARMAR,IND,282
94,Dhari,VALA JAYDIPBHAI BAVKUBHAI,SHI,270
94,Dhari,IMRANBHAI VALIBHAI PARMAR,IND,189
94,Dhari,None of the Above,NOTA,2931
95,Amreli,PARESH DHANANI,INC,87032
95,Amreli,BAVKUBHAI UNDHAD,BJP,75003
95,Amreli,SHUKLA BHARGAVKUMAR,IND,1483
95,Amreli,MADHAD RAVAJIBHAI DANABHAI,BSP,1167
95,Amreli,LALBHAI BODAR,NCP,806
95,Amreli,RAJESH MADHVANI,IND,599
95,Amreli,VITTHALBHAI MAVJIBHAI GAJERA (V.M.GAJERA),,322
95,Amreli,PAGHDAL JAYANTILAL BAVABHAI,,285
95,Amreli,ADIYESA RUTIL,IND,242
95,Amreli,None of the Above,NOTA,2869
96,Lathi,VIRAJIBHAI THUMMAR,INC,64743
96,Lathi,GOPALBHAI (CHAMARDI),BJP,55400
96,Lathi,DHARAJIYA KAUSHIKBHAI NANKUBHAI,VPP,1459
96,Lathi,DABASARA VINUBHAI VALJIBHAI,NCP,1046
96,Lathi,PRADIPBHAI VITHALBHAI SOJITRA,IND,938
96,Lathi,SOLANKI DHIRUBHAI MEGHAJIBHAI,BSP,878
96,Lathi,M.D.(BHANUBHAI) MANJARIYA,AAP,797
96,Lathi,HITESH NAROLA (ROBERT),IND,676
96,Lathi,J.R.PARMAR,IND,390
96,Lathi,KOTHIYA DHIRUBHAI SHAMBHUBHAI (PATEL),,325
96,Lathi,J.D.VAVDIYA,RDP,234
96,Lathi,ASVINBHAI BATUKBHAI LIMBASIYA,,184
96,Lathi,None of the Above,NOTA,2577
97,Savarkundla,PRATAP DUDHAT,INC,66366
97,Savarkundla,KAMLESH RASIKBHAI KANANI,BJP,57835
97,Savarkundla,KHIMASURIYA RAMESHKUMAR SHAMJIBHAI,BSP,1505
97,Savarkundla,VALA HAKUBHAI MULUBHAI ( HAKU VALA ),IND,1491
97,Savarkundla,TOTA NATHABHAI DAYABHAI (BHARVAD),,990
97,Savarkundla,VALODRA VRAJLAL JIVABHAI,IND,982
97,Savarkundla,BHARATBHAI MANUBHAI CHUDASAMA,IND,929
97,Savarkundla,HIMMAT BAGDA,IND,440
97,Savarkundla,KHACHAR VIJAYBHA RANINGBHAI,IND,389
97,Savarkundla,BORAD RUPESHBHAI RAMESHBHAI,IND,348
97,Savarkundla,NANABHAI KALIDAS MEHTA,IND,208
97,Savarkundla,None of the Above,NOTA,2989
98,Rajula,DER AMARISHBHAI JIVABHAI,INC,83818
98,Rajula,SOLANKI HIRABHAI ODHAVJIBHAI,BJP,71099
98,Rajula,SHANTUBHAI BABABHAI VARU,IND,1969
98,Rajula,KATARIYA MANUBHAI MATHURBHAI,BSP,1767
98,Rajula,VAGHELA BHAVESHBHAI MOHANBHAI,IND,1463
98,Rajula,VARU KESHUBHAI BAVKUBHAI,AIHCP,1269
98,Rajula,LADUMOR ARVINDBHAI KARSHANBHAI,IND,661
98,Rajula,None of the Above,NOTA,2757
99,Mahuva,MAKWANA RAGHAVBHAI CHONDABHAI,BJP,44410
99,Mahuva,DR. KANUBHAI V. KALSARIA,IND,39401
99,Mahuva,BARAIYA VIJAYBHAI RAVJIBHAI,INC,30576
99,Mahuva,BIPINKUMAR BHUPATRAY SANGHAVI,IND,13414
99,Mahuva,CHHAGANBHAI BACHUBHAI PARMAR,VPP,1234
99,Mahuva,BHALIYA CHANDUBHAI BABUBHAI,GHCP,1021
99,Mahuva,GOHIL PRATAPBHAI NANJIBHAI,AIHCP,989
99,Mahuva,KALSARIYA RANCHHODBHAI JADAVBHAI,IND,938
99,Mahuva,None of the Above,NOTA,2653
100,Talaja,KANUBHAI MATHURAMBHAI BARAIYA,INC,66862
100,Talaja,CHAUHAN GAUTAMBHAI GOPABHAI,BJP,65083
100,Talaja,KISHORBHAI RUDABHAI VAGHELA,VPP,1393
100,Talaja,KAGADA RAMESHBHAI PUNABHAI,AIHCP,1250
100,Talaja,VEGAD HARESHBHAI BABUBHAI,IND,1242
100,Talaja,BHALIYA HARSHADBHAI.V,IND,891
100,Talaja,BAMBHANIA SHANTIBHAI ARJANBHAI,IND,632
100,Talaja,BHIL CHHAGANBHAI HAJABHAI,GHCP,578
100,Talaja,BHARATKUMAR NANDLAL NIMAVAT,IND,292
100,Talaja,BARAIYA SURESHBHAI NATHABHAI,IND,226
100,Talaja,GORADIYA SURESHBHAI SHANTILAL (KANSARA),IND,216
100,Talaja,CHAUHAN HARSHADBHAI MANUBHAI,IND,179
100,Talaja,None of the Above,NOTA,2918
101,Gariadhar,NAKRANI KESHUBHAI HIRJIBHAI,BJP,50635
101,Gariadhar,KHENI PARESHBHAI MANJIBHAI,INC,48759
101,Gariadhar,CHAVADA MANUBHAI PARSOTTAMBHAI,GHCP,6645
101,Gariadhar,KANTARIYA DHIRUBHAI DEVJIBHAI,BSP,1145
101,Gariadhar,SARVAIYA MANUBHAI RUDABHAI,IND,1027
101,Gariadhar,GOHIL DARBAR KANUBHAI HAMIRBHAI,IND,938
101,Gariadhar,KHASIYA DEVJIBHAI DUDABHAI,,627
101,Gariadhar,GOSAI ASHOKGIRI SHANTIGIRI,,443
101,Gariadhar,GOSAI AMITPARI NATHUPARI,IND,440
101,Gariadhar,DABHI GABHABHAI BALUBHAI,AIHCP,406
101,Gariadhar,PARMAR KALPESHBHAI MATHURBHAI,VPP,352
101,Gariadhar,AJAMERI SULEMANBHAI HASANBHAI,IND,334
101,Gariadhar,None of the Above,NOTA,1557
102,Palitana,BARAIYA BHIKHABHAI RAVAJIBHAI,BJP,69479
102,Palitana,RATHOD PRAVINBHAI JINABHAI,INC,55290
102,Palitana,GADHAVI PRAVINBHAI MULUBHAI,GHCP,7784
102,Palitana,RATHOD BHARATBHAI MADHUBHAI,AIHCP,3384
102,Palitana,DANKHARA NANUBHAI BHIKHABHAI,IND,2429
102,Palitana,LAXMANBHAI JIVABHAI MALANKIYA,IND,1588
102,Palitana,RAKESH G. PAGI,,1354
102,Palitana,MEVADA MAHESHBHAI SHAMJIBHAI,BSP,1063
102,Palitana,VAGHELA VIPULBHAI BHARATBHAI,,855
102,Palitana,LALLUBHAI JINABHAI DAKHARA,IND,831
102,Palitana,SAIYAD USMANBHAI NATHABHAI,IND,822
102,Palitana,CHAUHAN NARSHIBHAI UKABHAI,IND,765
102,Palitana,NAKRANI VIJAYBHAI MAHESHBHAI,IND,504
102,Palitana,JIVRAJBHAI VELAJIBHAI MAKWANA,IND,357
102,Palitana,KHADRANI ASIMBHAI PIRBHAI,IND,340
102,Palitana,None of the Above,NOTA,2698
103,Bhavnagar Rural,PARSOTTAMBHAI ODHAVJIBHAI SOLANKI,BJP,87458
103,Bhavnagar Rural,KANTIBHAI TAPUBHAI CHAUHAN,INC,57917
103,Bhavnagar Rural,SOLANKI VICKY GIRISHBHAI,IND,2126
103,Bhavnagar Rural,GOHIL NARENDRABHAI DIPAKBHAI,,1945
103,Bhavnagar Rural,GOHIL DIGVIJAYSINH BHIKHUBHA,BSP,1415
103,Bhavnagar Rural,VINODBHAI KANJIBHAI SOLANKI,VPP,1269
103,Bhavnagar Rural,GOHIL PRAVINSINH DHIRUBHA,AIHCP,1254
103,Bhavnagar Rural,HEMANTSINH KARANSINH GOHIL,IND,1195
103,Bhavnagar Rural,DAKHARA TULASIBHAI LAXMANBHAI,IND,562
103,Bhavnagar Rural,GOHIL DILAVARSINH CHHANUBHA,IND,468
103,Bhavnagar Rural,None of the Above,NOTA,3407
104,Bhavnagar East,DAVE VIBHAVARI,BJP,87323
104,Bhavnagar East,RATHOD NITABEN BABUBHAI,INC,64881
104,Bhavnagar East,CHAUHAN SURESHBHAI CHHABILDAS,VPP,2037
104,Bhavnagar East,SOLANKI USMANBHAI AHAMADBHAI,IND,1151
104,Bhavnagar East,None of the Above,NOTA,3459
105,Bhavnagar West,JITENDRABHAI SAVAJIBHAI VAGHANI (JITU VAGHANI),BJP,83701
105,Bhavnagar West,GOHIL DILIPSINH AJITSINH,INC,56516
105,Bhavnagar West,DHARAMASHIBHAI RAMJIBHAI DHAPA,VPP,3501
105,Bhavnagar West,MAKAWANA SANJAYBHAI MAGANBHAI,SHI,1674
105,Bhavnagar West,PANKAJBHAI MOHANBHAI SANDISH,IND,1010
105,Bhavnagar West,RATHOD DINESHBHAI LAKHABHAI,BSP,774
105,Bhavnagar West,PATHAN VAJIRKHAN MOHABBATKHAN,IND,380
105,Bhavnagar West,DHARAIYA NARESHBHAI KHIMAJIBHAI,IND,305
105,Bhavnagar West,GORI SADIK A.SATARBHAI,IND,215
105,Bhavnagar West,VEGAD NATHABHAI BACHUBHAI,,140
105,Bhavnagar West,None of the Above,NOTA,3190
106,Gadhada,MARU PRAVINBHAI TIDABHAI,INC,69457
106,Gadhada,ATMARAM MAKANBHAI PARMAR,BJP,60033
106,Gadhada,V. V. PARMAR,IND,1361
106,Gadhada,SOLANKI MANJIBHAI VIRABHAI,NCP,1001
106,Gadhada,PARMAR GAGAJIBHAI POLABHAI,IND,917
106,Gadhada,ASHOKBHAI BHAYABHAI GILATAR,VPP,614
106,Gadhada,SOLANKI MINABEN SHANTILAL,BSP,443
106,Gadhada,MAKWANA DALPATBHAI MOHANBHAI,AIHCP,376
106,Gadhada,None of the Above,NOTA,2868
107,Botad,SAURABH PATEL (DALAL),BJP,78395
107,Botad,KALATHIYA DHIRAJLAL MADHAVJIBHAI  (D.M.PATEL),INC,77174
107,Botad,JAMOD SOMABHAI RAMJIBHAI,IND,4594
107,Botad,DALVADI MANSUKHABHAI LAXMANBHAI,IND,2230
107,Botad,NAKABHAI VELABHAI BARAIYA,IND,1818
107,Botad,CHAVDA GUNVANTBHAI BHIMJIBHAI,BSP,944
107,Botad,KHAMBHALIA SURABHAI DEVAYATBHAI,SHI,803
107,Botad,JAMOD PRABHUBHAI VALJIBHAI,GHCP,668
107,Botad,GHANSHYAMBHAI GHUGHABHAI DHARAJIYA,NCP,644
107,Botad,CHAUHAN MULSHANKARBHAI RAGHURAMBHAI,IND,603
107,Botad,BABUBHAI TALSHIBHAI,IND,575
107,Botad,BALIYA RATNABHAI SAMATBHAI,IND,459
107,Botad,RAMESHBHAI NARANBHAI METALIYA,IND,435
107,Botad,JANGAD ABUBAKAR RAHIMBHAI,IND,421
107,Botad,CHAUHAN BHARATBHAI SAVJIBHAI,IND,418
107,Botad,BAVALIYA JILUBHAI MITHABHAI,AAP,351
107,Botad,RAMJIBHAI KUKABHAI SAPARA,IND,347
107,Botad,CHAUHAN MUNNABHAI HIRABHAI,IND,330
107,Botad,CHAVDA PRAKASHBHAI BHARATBHAI,IND,315
107,Botad,BAVALIYA PUNAMBHAI DHANJIBHAI,IND,292
107,Botad,MORADIYA NITESHBHAI PURUSHOTAMBHAI,IND,280
107,Botad,CHAUHAN KAMLESHBHAI ARJANBHAI,VPP,246
107,Botad,MER KALUBHAI SHIVABHAI,IND,194
107,Botad,PATEL MAHESHBHAI RAMNIKBHAI,IND,179
107,Botad,ARJANBHAI SHIVABHAI DHARAJIYA,IND,160
107,Botad,None of the Above,NOTA,1286
108,Khambhat,MAHESHKUMAR KANAIYALAL RAVAL  (MAYUR RAVAL),BJP,71459
108,Khambhat,PATEL KHUSHMANBHAI SHANTILAL,INC,69141
108,Khambhat,BHADRIKKUMAR HIRABHAI SOLANKI,BSP,1499
108,Khambhat,PATEL CHANDRAKANTBHAI BHAILALBHAI,INCP,1155
108,Khambhat,DR. PATEL DINESHBHAI SHANABHAI,,971
108,Khambhat,PARMAR TARAKBHAI HIMMATBHAI,GHCP,967
108,Khambhat,PURSHOTTAM ALIAS KANUBHAI MATHURBHAI CHAUHAN,IND,794
108,Khambhat,None of the Above,NOTA,2731
109,Borsad,PARMAR RAJENDRASINH DHIRSINH,INC,86254
109,Borsad,RAMANBHAI BHIKHABHAI SOLANKI,BJP,74786
109,Borsad,PARMAR RAKESHKUMAR PRAVINBHAI,BSP,1944
109,Borsad,MAKWANA PRAKASHKUMAR VITHTHALBHAI,IND,1912
109,Borsad,ARPANKUMAR BHASKARBHAI PATEL,IND,1250
109,Borsad,KALPESHKUMAR JAYANTIBHAI PATEL (SHIVABHAU),SHI,963
109,Borsad,PATEL SHASHIKANTBHAI RAMANBHAI,MNP,490
109,Borsad,None of the Above,NOTA,2175
110,Anklav,AMIT CHAVDA,INC,90603
110,Anklav,HANSAKUVARBA JANAKSINH RAJ,BJP,56974
110,Anklav,PRAKASHBHAI MAGANBHAI PARMAR,BSP,1071
110,Anklav,RAJENDRASINH FATESINH MAHIDA,IND,749
110,Anklav,HITESHKUMAR LALJIBHAI RABARI,IND,684
110,Anklav,GAJENDRASINH HARISINH RAJ,AIHCP,679
110,Anklav,PRAVINBHAI MULJIBHAI PATEL,LGP,277
110,Anklav,YUSUFBHAI ABHESANG RAJ (PAINTER),IND,276
110,Anklav,KAUSHIKKUMAR CHAVDA,IND,206
110,Anklav,None of the Above,NOTA,3880
111,Umreth,GOVINDBHAI RAIJIBHAI PARMAR,BJP,68326
111,Umreth,KAPILABEN GOPALSINH CHAVDA,INC,66443
111,Umreth,PATEL JAYANTBHAI RAMANBHAI (BOSKEY),NCP,35051
111,Umreth,YAKUBMIYA ABDULMIYA MALEK,IND,1286
111,Umreth,PARMAR JAYANTIBHAI BABUBHAI,IND,830
111,Umreth,PARMAR RAMESHBHAI BHIKHABHAI,ADP,662
111,Umreth,PATEL BHARATBHAI HARMANBHAI,IND,342
111,Umreth,PATEL SUNILBHAI MAHENDRABHAI,IND,329
111,Umreth,None of the Above,NOTA,3710
112,Anand,KANTIBHAI SODHAPARMAR (BHAGAT),INC,98168
112,Anand,YOGESH PATEL (BAPAJI),BJP,92882
112,Anand,DAVE JATINBHAI DINESHCHANDRA,IND,1009
112,Anand,None of the Above,NOTA,2646
113,Petlad,NIRANJAN PATEL,INC,81127
113,Petlad,CHANDRAKANT DAHYABHAI PATEL (C.D.PATEL),BJP,70483
113,Petlad,GOHEL HARSHADBHAI ISHVARBHAI,BSP,1684
113,Petlad,TALPADA KIRITBHAI CHHAGANBHAI,IND,1157
113,Petlad,KACHHIA KEVALKUMAR THAKORBHAI,IND,1071
113,Petlad,SOMABHAI JENABHAI TALPADA,IND,925
113,Petlad,GOHEL THAKORSINH TAKHATSINH,IND,601
113,Petlad,None of the Above,NOTA,2041
114,Sojitra,PUNAMBHAI MADHABHAI PARMAR,INC,72423
114,Sojitra,PATEL VIPULKUMAR VINUBHAI,BJP,70035
114,Sojitra,VHORA BILAL M.,IND,1663
114,Sojitra,BHARATBHAI BABUBHAI TALPADA,BSP,1427
114,Sojitra,TALPADA KAMLESHKUMAR GORDHANBHAI,IND,868
114,Sojitra,JANI SUNILKUMAR MANEKLAL (BRAHMAN),IND,433
114,Sojitra,None of the Above,NOTA,3112
115,Matar,KESARISINH JESANGBHAI SOLANKI,BJP,81509
115,Matar,PATEL SANJAYBHAI HARIBHAI,INC,79103
115,Matar,VIJAYSINH BHAGVANSINH MAHIDA,IND,1936
115,Matar,BHAILALBHAI KALUBHAI PANDAV,BSP,795
115,Matar,VAGHELA MAGANBHAI DAHYABHAI,IND,571
115,Matar,CHAUHAN MAHIPATSINH KESARISINH,AIHCP,549
115,Matar,JAYESHBHAI GHANSHYAMBHAI BHATT (MAHARAJ),IND,442
115,Matar,CHHASATIYA RAJENDRASINH GIRAVATSINH,IND,353
115,Matar,PATEL YOGESHKUMAR DHULABHAI,SHI,203
115,Matar,MALEK ANVARMIYA KADARMIYA,,156
115,Matar,None of the Above,NOTA,4090
116,Nadiad,DESAI PANKAJBHAI VINUBHAI(GOTIYO),BJP,90221
116,Nadiad,JITENDRA SURYAKANTBHAI PATEL (AZAD),INC,69383
116,Nadiad,CHAUHAN MAHIPALSINH FATESINH,NCP,1515
116,Nadiad,VANKAVALA IMARANBHAI BILALBHAI,IND,1078
116,Nadiad,RANA PRATAPSINH CHHATRASINH,IND,925
116,Nadiad,SOLANKI BIPINBHAI DALABHAI(ADVOCATE),BSP,673
116,Nadiad,RAGINIBEN MAHENDRABHAI RANA,IND,327
116,Nadiad,MIRZA MUJJAFARBEG HARUNBEG,IND,314
116,Nadiad,RAV PRITESH  KANUBHAI,,243
116,Nadiad,KRUPANIVASI MANISHKUMAR  KIRTIKUMAR,IND,185
116,Nadiad,MALEK GULAMNABI YASINMIYA,IND,179
116,Nadiad,None of the Above,NOTA,2363
117,Mehmedabad,CHAUHAN  ARJUNSINH UDESINH,BJP,88908
117,Mehmedabad,GAUTAMBHAI RAVJIBHAI CHAUHAN,INC,67993
117,Mehmedabad,CHUAHAN JUVANSINH GANDABHAI,IND,9813
117,Mehmedabad,GOHEL HARSHADKUMAR DEVJIBHAI,BSP,2203
117,Mehmedabad,None of the Above,NOTA,2526
118,Mahudha,INDRAJITSINH NATVARSINH PARMAR,INC,78006
118,Mahudha,BHARATSINH RAYSINGBHAI PARMAR,BJP,64405
118,Mahudha,VAGHELA MANOJKUMAR NATUBHAI,AIHCP,5248
118,Mahudha,VAGHELA KAMLESHKUMAR LAXMANSINH,IND,1215
118,Mahudha,TALPADA GANPATBHAI DAHYABHAI,BSP,1172
118,Mahudha,VIMAL PATEL,IND,1029
118,Mahudha,THAKOR BHISHMAPALSINH JITENDRASINH,,873
118,Mahudha,MOHD. ANSAR SHEKH,MNP,361
118,Mahudha,None of the Above,NOTA,3838
119,Thasra,KANTIBHAI SHABHAIBHAI PARMAR,INC,87567
119,Thasra,RAMSINH PARMAR,BJP,80539
119,Thasra,BIPINKUMAR (ADVOCATE),BSP,1783
119,Thasra,THAKOR KARNPALSINH GAJPALSINH,LGP,1462
119,Thasra,PATHAN MUKTYARKHAN AKBARKHAN,,1179
119,Thasra,PATEL SHANTILAL CHHOTALAL,IND,987
119,Thasra,None of the Above,NOTA,3811
120,Kapadvanj,DABHI KALABHAI RAIJIBHAI,INC,85195
120,Kapadvanj,DABHI KANUBHAI BHULABHAI,BJP,57969
120,Kapadvanj,BIMAL SHAH,IND,46928
120,Kapadvanj,KHOKHAR MAJIDALI ABDULMIYA,NCP,2849
120,Kapadvanj,RAJENDRASINH NANSINH ZALA,IND,1503
120,Kapadvanj,PATHAN AMANULLAKHAA SITABKHAA,,1312
120,Kapadvanj,PARMAR DILIPSINH KANUBHAI,,1296
120,Kapadvanj,None of the Above,NOTA,2590
121,Balasinor,AJITSINH PARVATSINH CHAUHAN,INC,76847
121,Balasinor,CHAUHAN MANSINH KOHYABHAI,BJP,68841
121,Balasinor,PATEL HITENDRA(HITESH)KUMAR BALDEVBHAI,NCP,5572
121,Balasinor,ZALA ABHESINH AMARBHAI,IND,1884
121,Balasinor,SHAIKH MUSTAKBHAI AIYUBBHAI,,707
121,Balasinor,None of the Above,NOTA,3410
122,Lunawada,RATHOD RATANSINH MAGANSINH,IND,51608
122,Lunawada,PATEL MANOJKUMAR RAYAJIBHAI,BJP,47000
122,Lunawada,PARMAR PARANJAYADITYASINHJI KRISHNAKUMARSINHJI,INC,42918
122,Lunawada,SOLANKI BHUPENDRASINH PRABHATSINH,IND,8323
122,Lunawada,HIRENKUMAR GIRISHBHAI PATEL,RSP,4305
122,Lunawada,VISHALSINH MAHENDRASINH SOLANKI,IND,1447
122,Lunawada,PATEL HARIDAS REVABHAI,BSP,952
122,Lunawada,SHEIKH MOHAMMADANVER MOHAMMADISHAK,IND,902
122,Lunawada,SHEKH JAKIRHUSEN HUSENMIYA,IND,580
122,Lunawada,None of the Above,NOTA,3054
123,Santrampur,DINDOR KUBERBHAI MANSUKHBHAI,BJP,62559
123,Santrampur,DAMOR GENDALBHAI MOTIBHAI,INC,57078
123,Santrampur,VALAVAI RAJENDRAKUMAR BABALBHAI (RAJU VALAVAI),NCP,2235
123,Santrampur,VAGADIYA YOGESHBHAI MASURBHAI,AIHCP,2085
123,Santrampur,BARIYA RAMABHAI  KOHYABHAI,BSP,1335
123,Santrampur,None of the Above,NOTA,2844
124,Shehra,AHIR(BHARWAD) JETHABHAI GHELABHAI,BJP,100383
124,Shehra,CHAUHAN DUSHYANTSINH NARVATSINH,INC,59314
124,Shehra,GADHAVI LALABHAI GANGDASBHAI,SHI,2268
124,Shehra,VANKAR PRAFULCHANDR PUNJABHAI,BSP,1493
124,Shehra,None of the Above,NOTA,5101
125,Morva Hadaf ,KHANT BHUPENDRASINH VECHATBHAI,IND,58513
125,Morva Hadaf ,DINDOR VIKRAMSINH RAMSINH,BJP,54147
125,Morva Hadaf ,DAMOR ALPESHBHAI TERSINGBHAI,BTP,8246
125,Morva Hadaf ,None of the Above,NOTA,4962
126,Godhra,PARMAR RAJENDRASINH BALVANTSINH (LALABHAI),INC,73480
126,Godhra,C. K. RAULJI,BJP,73313
126,Godhra,PARMAR JASHVANTSINH SALAMSINH,IND,18279
126,Godhra,MANSURI MUKHTAR AHEMED MOHAMMAD,IND,1705
126,Godhra,BHANA VASIM FARUK,IND,1426
126,Godhra,KUMAR KANUBHAI HIRABHAI,BSP,1206
126,Godhra,DR. GAJENDRASINH KANTILAL BAMANIYA (GOPAL),BMP,1065
126,Godhra,PATHAN INAYATKHAN MAHERALIKHAN,IND,489
126,Godhra,DIWAN MEHDISHA KARIMSHA,IND,438
126,Godhra,SARDAR AMANPRITSINGH SURENDRASINGH,AIHCP,332
126,Godhra,UMMARJI ZUBER ABDULLA,IND,248
126,Godhra,None of the Above,NOTA,3012
127,Kalol,CHAUHAN SUMANBEN PRAVINSINH,BJP,103028
127,Kalol,PARMAR PRADHYUMANSINH VIJAYSINH (PANCHMAHAL ZEROXWALA),INC,53751
127,Kalol,GIRI RAMCHANDRA VAIJNATH,BSP,3383
127,Kalol,PARMAR ASHOKBHAI KANABHAI,IND,2673
127,Kalol,PATEL AILESHKUMAR KANUBHAI,AIHCP,2197
127,Kalol,None of the Above,NOTA,4120
128,Halol,JAYDRATHSINHJI  PARMAR,BJP,115457
128,Halol,UDESINH BARIA,INC,58423
128,Halol,MODI SONALBEN RATILAL,IND,2458
128,Halol,MAHESHWARI VASUDEV UTTAMCHAND,IND,2440
128,Halol,None of the Above,NOTA,6052
129,Fatepura,KATARA RAMESHBHAI BHURABHAI,BJP,60250
129,Fatepura,MACHHAR RAGHUBHAI DITABHAI,INC,57539
129,Fatepura,PRABHUBHAI KALJIBHAI BARIA,NCP,2747
129,Fatepura,TAVIYAD PARSINGBHAI PUNJABHAI,,1989
129,Fatepura,BARIYA SAMJIBHAI MAKABHAI,AIHCP,1545
129,Fatepura,BHABHOR RAMESHBHAI BILKARBHAI,BSP,1186
129,Fatepura,None of the Above,NOTA,4573
130,Jhalod,KATARA BHAVESHBHAI BABUBHAI,INC,86077
130,Jhalod,BHURIYA MAHESHBHAI SOMJIBHAI,BJP,60667
130,Jhalod,None of the Above,NOTA,5265
131,Limkheda,BHABHOR SHAILESHBHAI SUMANBHAI,BJP,74078
131,Limkheda,TADVI MAHESHBHAI RATANSING,INC,54764
131,Limkheda,BHABHOR BABUBHAI SONIYABHAI,IND,4144
131,Limkheda,KATARA  HURABHAI GALJIBHAI,AIHCP,1949
131,Limkheda,DAMOR VESTABHAI JOKHNABHAI,IND,1032
131,Limkheda,None of the Above,NOTA,3785
132,Dahod,PANADA VAJESINGBHAI PARSINGBHAI,INC,79850
132,Dahod,KISHORI KANAIYALAL BACHUBHAI,BJP,64347
132,Dahod,BHABHOR BABUBHAI MALABHAI,IND,1784
132,Dahod,PARMAR DEVENDRAKUMAR VASANTLAL,NCP,1744
132,Dahod,DEHADA NARESHBHAI RAMABHAI,IND,686
132,Dahod,PARMAR MUKESHBHAI HIRABHAI,BSP,677
132,Dahod,HIHOR NARSINGBHAI KHIMABHAI,AIHCP,642
132,Dahod,None of the Above,NOTA,3363
133,Garbada,BARIYA CHANDRIKABEN CHHAGANBHAI,INC,64280
133,Garbada,BHABHOR MAHENDRABHAI RAMESHBHAI,BJP,48152
133,Garbada,BHABHOR KALIBEN DHULABHAI,BSP,3179
133,Garbada,DEHDA BALUBHAI HUMJIBHAI,AIHCP,2711
133,Garbada,JAGDISHBHAI MANILAL MEDA,,2150
133,Garbada,BHURA NAVALABHAI MANABHAI,,1506
133,Garbada,None of the Above,NOTA,4675
134,Devgadhbaria,KHABAD BACHUBHAI MAGANBHAI,BJP,103873
134,Devgadhbaria,VAKHALA BHARATSINH PRATAPBHAI,INC,58179
134,Devgadhbaria,CHAUHAN RANJITSINH DOLATSINH,NCP,3529
134,Devgadhbaria,BARIYA NARSING DIPSINH,AIHCP,3019
134,Devgadhbaria,BARIYA MANILAL HIRABHAI,IND,1338
134,Devgadhbaria,None of the Above,NOTA,5352
135,Savli,INAMDAR KETANBHAI MAHENDRABHAI,BJP,97646
135,Savli,BRAHMBHATT SAGAR PRAKASH KOKO,INC,56013
135,Savli,CHAUHAN KHUMANSINH RAYSINH,NCP,4060
135,Savli,MAHIDA VIJAYSINH DALPATSINH,SHI,1343
135,Savli,ARPANKUMAR BHASKARBHAI PATEL,IND,960
135,Savli,HIRVANI AKASHBHAI CHHOTABHAI,BSP,827
135,Savli,None of the Above,NOTA,3208
136,Vaghodia,SHRIVASTAV MADHUBHAI BABUBHAI,BJP,63049
136,Vaghodia,VAGHELA DHARMENDRASINGH RANUBHA (BAPU),IND,52734
136,Vaghodia,MAKWANA SATISHBHAI CHANDUBHAI (RAJU ALVA),IND,32942
136,Vaghodia,DR.PRAFULBHAI DEVJIBHAI VASAVA,BTP,9811
136,Vaghodia,JADAV AMITBHAI RAMJIBHAI,BSP,3200
136,Vaghodia,CHAUHAN CHANDRASINH JASVANSINH,AIHCP,2603
136,Vaghodia,CHAVDA JAYENDRASINH JASHBHAI (PUNO),IND,2514
136,Vaghodia,PARMAR GOVINDBHAI ISHWARBHAI (RAHUL KUMAR),IND,1233
136,Vaghodia,None of the Above,NOTA,3100
137,Chhota Udaipur,MOHANSINH CHHOTUBHAI RATHAVA,INC,75141
137,Chhota Udaipur,JASHUBHAI BHILUBHAI RATHWA,BJP,74048
137,Chhota Udaipur,ARJUNBHAI VERSINGBHAI RATHVA,AAP,4551
137,Chhota Udaipur,RATHVA RAMESHBHAI GOPABHAI,IND,3592
137,Chhota Udaipur,None of the Above,NOTA,5870
138,Jetpur,RATHVA SUKHRAMBHAI HARIYABHAI,INC,75846
138,Jetpur,RATHVA JAYANTIBHAI SAVAJIBHAI,BJP,73054
138,Jetpur,RATHVA SURAJBEN BHAGVATSINH,IND,3234
138,Jetpur,RATHVA GANGABEN VITTHALBHAI,GHCP,2869
138,Jetpur,KOLI AMITKUMAR ARVINDBHAI,IND,1604
138,Jetpur,RATHVA SUMITRABEN BHARATKUMAR,AIHCP,1518
138,Jetpur,RATHVA PUNIYABHAI KESHALABHAI,IND,1463
138,Jetpur,None of the Above,NOTA,5918
139,Sankheda,ABHESINH MOTIBHAI TADVI,BJP,90200
139,Sankheda,BHIL DHIRUBHAI CHUNILAL,INC,77351
139,Sankheda,KIRITBHAI RANACHHODBHAI TADAVI,BSP,2544
139,Sankheda,MIHIR TADVI,NCP,2117
139,Sankheda,RATHVA FURKANBHAI BALJIBHAI,IND,1877
139,Sankheda,RATHVA SURESHBHAI BHAYAJIBHAI,IND,1658
139,Sankheda,TADVI JETHABHAI NANABHAI,IND,870
139,Sankheda,MUKESHBHAI BHIMSINHBHAI TADVI,AIHCP,610
139,Sankheda,SHANTILALBHAI RANCHHODBHAI RATHVA,,516
139,Sankheda,None of the Above,NOTA,5252
140,Dabhoi,MEHTA SHAILESHBHAI KANAIYALAL (SHAILESH SOTTA),BJP,77945
140,Dabhoi,PATEL SIDDHARTH CHIMANBHAI,INC,75106
140,Dabhoi,MADHUSUDAN MOHANBHAI ROHIT,BSP,1095
140,Dabhoi,KISHORBHAI NAGJIBHAI PATANVADIYA,GHCP,959
140,Dabhoi,NAVINBHAI HIMANTBHAI RAI,IND,794
140,Dabhoi,RAKESH HARILAL VASAVA,IND,689
140,Dabhoi,CHANDUBHAI HARGOVINDBHAI BHATIYA,IND,338
140,Dabhoi,GOHIL ARUNABEN SOMABHAI,IND,313
140,Dabhoi,ANILBHAI KANUBHAI VANKAR,IND,303
140,Dabhoi,PATEL ASHWINBHAI ANTOLBHAI,AIHCP,269
140,Dabhoi,None of the Above,NOTA,3046
141,Vadodara City,MANISHA VAKIL,BJP,116367
141,Vadodara City,ANIL PARMAR,INC,63984
141,Vadodara City,CHANDRIKA SOLANKI,IND,975
141,Vadodara City,PARMAR DEVYANIBEN LAXMANBHAI,BSP,831
141,Vadodara City,DR.THAKOR PARMAR,AAP,807
141,Vadodara City,PARMAR BHARATBHAI RAVAJIBHAI,GHCP,559
141,Vadodara City,PARMAR RASHMIBEN KANAIYALAL (ADVOCATE),IND,493
141,Vadodara City,None of the Above,NOTA,3253
142,Sayajigunj,JITENDRA RATILAL SUKHADIA (JITUBHAI),BJP,99957
142,Sayajigunj,NARENDRA RAVAT,INC,40825
142,Sayajigunj,RAJESH AYARE,RSP,40665
142,Sayajigunj,JAT SUBHASSING BRIJLAL,AIHCP,459
142,Sayajigunj,SHAIKH TAMANNA IQUBAL,IND,433
142,Sayajigunj,PATIL VALMIK,SHI,378
142,Sayajigunj,None of the Above,NOTA,2294
143,Akota,SEEMABEN AKSHAYKUMAR MOHILE,BJP,109244
143,Akota,RANJIT SHARADCHANDRA CHAVAN,INC,52105
143,Akota,NIKHIL YATIN PATEL,NCP,1027
143,Akota,AMIT RAMKRIPAL TIWARI,IND,655
143,Akota,RUSHIKANT SHASTRI,AIHCP,648
143,Akota,PATHAN MOHAMMAD SOYEBKHAN (GUDDU),BSP,465
143,Akota,MAHEBUBKHAN YUSUFKHAN SINDHI (VAKIL),IND,399
143,Akota,None of the Above,NOTA,2536
144,Raopura,"RAJENDRA TRIVEDI ""RAJUBHAI VAKIL""",BJP,106985
144,Raopura,"CHANDRAKANT R. SHRIVASTAV ""BHATTHUBHAI""",INC,70335
144,Raopura,"SARASWATIBEN KHETSINH RAJPUT ""SATTUMEM""",GHCP,850
144,Raopura,ROHIT MAHESHKUMAR GOVINDBHAI,BSP,644
144,Raopura,HARSHA TOKE,IND,374
144,Raopura,"KALIDAS M. PATEL ""NEPOLEON""",IND,326
144,Raopura,SONAVANE PARMESHWAR SHRAVANBHAI,IND,310
144,Raopura,None of the Above,NOTA,2567
145,Manjalpur,YOGESH PATEL,BJP,105036
145,Manjalpur,CHIRAG HANSKUMAR ZAVERI (CHIRAG ZAVERI ),INC,48674
145,Manjalpur,LAXMANBHAI PUNJABHAI PAREKH,IND,835
145,Manjalpur,DAHYABHAI JADAVBHAI ROHIT,BSP,819
145,Manjalpur,INDERJEET SINGH GROVER,SUCI,603
145,Manjalpur,MAYUR CHANDRAKANT PANCHAL,SHI,504
145,Manjalpur,RAJPUT MUKESHSINH NATVARSINH,IND,412
145,Manjalpur,SUNITA PARDESHI (YOGATEACHER),IND,337
145,Manjalpur,RITU BANSAL,AAP,282
145,Manjalpur,PRAKASHBHAI SOMABHAI PATEL,MNP,251
145,Manjalpur,MAHESH ADVANI (BANTI),AIHCP,185
145,Manjalpur,BIKRAMA PARAMHANS CHOUDHARY,IND,183
145,Manjalpur,None of the Above,NOTA,2246
146,Padra,THAKOR JASHPALSINH MAHENDRASINH (PADHIYAR),INC,92998
146,Padra,PATEL DINESHBHAI BALUBHAI (DINUMAMA),BJP,73971
146,Padra,SOLANKI KAILASBEN SURESHBHAI,IND,1018
146,Padra,PARMAR NAVNEETBHAI MANUBHAI,BSP,797
146,Padra,GOHIL VINUBHAI,GHCP,504
146,Padra,PARMAR HARMANBHAI FULABHAI,IND,428
146,Padra,AMJADBHAI BABUBHAI GARASIYA,IND,287
146,Padra,JASHUBHAI CHHITABHAI PARMAR,AIHCP,242
146,Padra,PANKAJBHAI BALVANTRAY THAKAR,NCP,223
146,Padra,None of the Above,NOTA,3167
147,Karjan,AKSHAY KUMAR ISWARBHAI  PATEL,INC,74087
147,Karjan,SATISHBHAI MOTIBHAI PATEL,BJP,70523
147,Karjan,MUKESHBHAI MANIBHAI  VASAVA,,1233
147,Karjan,RAJESHBHAI CHIMANBHAI  VASAVA,BSP,1103
147,Karjan,YUSUF ALIBHAI  HASANALI,IND,1015
147,Karjan,RAMANBHAI CHIMANBHAI VASAVA,IND,786
147,Karjan,HANIFBHAI  ISMAILBHAI JAMADAR,AAP,464
147,Karjan,KALPESHKUMAR SHANKARBHAI VAIDH,IND,398
147,Karjan,ISMAIL ADAMBHAI  BANGA,IND,367
147,Karjan,ARIFBHAI YAKUBBHAI KOLA,IND,352
147,Karjan,None of the Above,NOTA,2855
148,Nandod,VASAVA PREMSINHBHAI DEVJIBHAI,INC,81849
148,Nandod,TADVI SHABDASHARAN BHAILALBHAI,BJP,75520
148,Nandod,TADVI JESANGBHAI RANCHHODBHAI,,2329
148,Nandod,VASAVA MAHESHBHAI SARADBHAI,IND,2067
148,Nandod,TADVI BHANUBHAI HIMMATBHAI,NCP,1964
148,Nandod,BUDHABHAI CHANDUBHAI TADVI,IND,1379
148,Nandod,TADVI VIJAYKUMAR NARANBHAI,IND,925
148,Nandod,None of the Above,NOTA,2244
149,Dediapada,VASAVA MAHESHBHAI CHHOTUBHAI,BTP,83026
149,Dediapada,VASAVA  MOTILAL  PUNIYABHAI,BJP,61275
149,Dediapada,DESHMUKH RAJENDRASINH  GUMANSINH,INCP,6721
149,Dediapada,VASAVA RAKESHKUMAR RAYJIBHAI,IND,2824
149,Dediapada,VASAVA AMARSINH  RAMSINH,IND,2425
149,Dediapada,VASAVA KALPANABEN KAILASHBHAI,AIHCP,2371
149,Dediapada,VASAVA TUSHAR JAMSUBHAI,,1291
149,Dediapada,MULJIBHAI KHALPABHAI VASAVA,IND,1038
149,Dediapada,MANSINGBHAI KALIYABHAI VASAVA,,1005
149,Dediapada,None of the Above,NOTA,3357
150,Jambusar,SANJAYBHAI JESANGBHAI SOLANKI,INC,73216
150,Jambusar,CHHATRASINHJI POOJABHAI MORI,BJP,66804
150,Jambusar,KHUMANSINH KESHRISINH VANSIA,IND,8782
150,Jambusar,JAMBU HIMANSHU ISHWARBHAI,BSP,1206
150,Jambusar,PARMAR NARENDRASINH JESANGBHAI,AIHCP,1182
150,Jambusar,MUBARAK ABDULLAH PATEL,IND,761
150,Jambusar,MAHESHBHAI MAGANBHAI SOLANKI,NCP,607
150,Jambusar,ARYA INDRAVADAN BHIMSINH,IND,502
150,Jambusar,BHUPENDRABHAI VITTHALBHAI PATEL,IND,446
150,Jambusar,PARMAR PRAVINBHAI CHATURBHAI,BMP,393
150,Jambusar,None of the Above,NOTA,2833
151,Vagra,ARUNSINH AJITSINH RANA,BJP,71928
151,Vagra,PATEL SULEMANBHAI MUSABHAI,INC,69558
151,Vagra,GOHIL FATESANGBHAI RAYSANGBHAI,IND,5576
151,Vagra,GHASWALA ASARAF JAVID MUSABHAI,IND,983
151,Vagra,PATHAN ALTAFKHAN DAUDKHAN,AIHCP,554
151,Vagra,UDHARADAR JAVIDBHAI YAKUBBHAI,IND,174
151,Vagra,GULAM VALI SABUWALA,IND,172
151,Vagra,RAJESHBHAI DHARAMDAS ARYA,,153
151,Vagra,KIDIWALA DILAWAR ABDULLAH,IND,127
151,Vagra,SOLANKI MAHENDRA BABUBHAI,BMP,114
151,Vagra,None of the Above,NOTA,2797
152,Jhagadia,VASAVA CHHOTUBHAI AMARSINH,BTP,113854
152,Jhagadia,RAVJIBHAI ISHVARBHAI VASAVA,BJP,64906
152,Jhagadia,CHHOTUBHAI A.VASAVA,,5055
152,Jhagadia,None of the Above,NOTA,5364
153,Bharuch,PATEL DUSHYANTBHAI RAJNEEKANT,BJP,99699
153,Bharuch,PATEL JAYESHBHAI AMBALAL,INC,66600
153,Bharuch,PATEL IMRAN UMARJEEBHAI,NCP,1062
153,Bharuch,HITESHKUMAR HIRALAL PARMAR,BSP,682
153,Bharuch,SAVARIYA NARMADAPUTRA MAHARAJ GURUSHREE NARMADAJI,IND,668
153,Bharuch,PATHAN IMRANKHAN HUSAINKHAN,IND,603
153,Bharuch,GOHIL VIRALKUMAR NARESHBHAI,SHI,419
153,Bharuch,DIPEEKABEN SHAILESHBHAI PATEL,AIHCP,211
153,Bharuch,PARMAR SURESHBHAI HIRABHAI,,201
153,Bharuch,GOHIL HEMANTKUMAR JERAMBHAI,BMP,192
153,Bharuch,None of the Above,NOTA,2059
154,Ankleshwar,ISHWARSINH THAKORBHAI PATEL,BJP,94899
154,Ankleshwar,ANILKUMAR CHHITUBHAI BHAGAT,INC,49816
154,Ankleshwar,SHAIKH ALTAFHUSSAIN  KALUAHEMAD,IND,1149
154,Ankleshwar,CHETANBHAI  KANJIBHAI  VASAVA,BSP,589
154,Ankleshwar,MALEK SABIRHUSSAIN  HABIBBHAI,IND,385
154,Ankleshwar,JAYENDRASINH MAHENDRASINHJI BHARTHANIYA,IND,263
154,Ankleshwar,KSHETRAPAL DURGAPRASAD SHARMA,AAP,238
154,Ankleshwar,AJAYBHAI GOMANBHAI VASAVA,IND,214
154,Ankleshwar,PATEL BIPINKUMAR GOVINDBHAI,BMP,192
154,Ankleshwar,SANJAYKUMAR SOMABHAI PRAJAPATI,AIHCP,144
154,Ankleshwar,PRAJAPATI VIJESHKUMAR MANILAL,APSP,110
154,Ankleshwar,RAJESHBHAI MAGANBHAI BUTANI,,88
154,Ankleshwar,None of the Above,NOTA,2625
155,Olpad,PATEL MUKESHBHAI ZINABHAI,BJP,147828
155,Olpad,BAKROLA YOGENDRASINH CHANDRASINH,INC,86016
155,Olpad,PATHAN SIRAJKHAN HOSIYARKHAN,BSP,1688
155,Olpad,PATEL HITESHBHAI MOHANBHAI,IND,1139
155,Olpad,SANGHANI KISHORBHAI DEVRAJBHAI,NCP,1053
155,Olpad,LALJIBHAI JIVRAJBHAI KAKADIYA,IND,819
155,Olpad,SAVALIYA MANSUKHBHAI DHIRUBHAI,AAP,473
155,Olpad,TUNDIYA JIGNESHKUMAR DHARAMASHIBHAI,GHCP,366
155,Olpad,MADHUBHAI ARJANBHAI ANAGHAN,,336
155,Olpad,PATEL VIJAYKUMAR RAMBHAI,SHI,289
155,Olpad,GEDIYA DHARMISHTHABEN KARSHANBHAI,AIHCP,211
155,Olpad,PATEL ANKIT ARJUNBHAI,VPP,208
155,Olpad,BALAR HASMUKHBHAI BABUBHAI,,198
155,Olpad,None of the Above,NOTA,3897
156,Mangrol,VASAVA GANPATSINH VESTABHAI,BJP,91114
156,Mangrol,VASAVA NANSINGBHAI NANDARIABHAI,INC,50315
156,Mangrol,VASAVA UTAMBHAI SOMABHAI,BTP,7183
156,Mangrol,JAGATSINH LALJIBHAI VASAVA,NCP,2569
156,Mangrol,HALPATI KUVARJIBHAI NARSINHBHAI,IND,1268
156,Mangrol,VASAVA UTTAMBHAI TULSIBHAI,,984
156,Mangrol,BHAGAT URMILABEN MUKESHBHAI,IND,846
156,Mangrol,None of the Above,NOTA,1800
157,Mandvi,CHAUDHARI ANANDBHAI MOHANBHAI,INC,96483
157,Mandvi,PRAVINBHAI MERJIBHAI CHAUDHARI,BJP,45707
157,Mandvi,HALPATI KUNVARJIBHAI NARSINHBHAI,IND,29552
157,Mandvi,DINESHBHAI GULABBHAI CHAUDHARI,BSP,2182
157,Mandvi,GAMIT YAKUBBHAI DEVLABHAI,,1603
157,Mandvi,ARVINDBHAI HATIYABHAI GAMIT,IND,1240
157,Mandvi,None of the Above,NOTA,4928
158,Kamrej,V.D.ZALAVADIYA,BJP,147371
158,Kamrej,ASHOK (JIRAVALA),INC,119180
158,Kamrej,RAM DHADUK,AAP,1454
158,Kamrej,KODAWALA IMRAN NIZAMUDIN,BSP,1187
158,Kamrej,VIRADIYA HASMUKHBHAI SHAMJIBHAI,IND,1185
158,Kamrej,VEKARIYA PIYUSHBHAI BHAGAVANBHAI,IND,1111
158,Kamrej,KATHROTIYA NIRMISHKUMAR VITHALBHAI,RDP,815
158,Kamrej,NARENDRA SORATHIYA (VAKIL),SHI,431
158,Kamrej,MANDANI JIGNESHBHAI VINUBHAI,IND,390
158,Kamrej,PARESHBHAI DEVSHIBHAI KACHHADIYA,IND,354
158,Kamrej,GADHETHARIYA BHIKHUBHAI CHHAGANBHAI,IND,292
158,Kamrej,DR.BHAVINBHAI VACHHANI,AIHCP,264
158,Kamrej,PANSURIYA PRAFULKUMAR  NARANBHAI,,219
158,Kamrej,PIPALYA HARSHABEN RAJESHKUMAR,APSP,146
158,Kamrej,None of the Above,NOTA,3413
159,Surat East,ARVIND SHANTILAL RANA,BJP,72638
159,Surat East,BHARUCHA NITINKUMAR THAKORDAS,INC,59291
159,Surat East,KAPDIYA MOHAMMAD SALMAN MOHAMMAD IRFAN,BSP,458
159,Surat East,MEMAN BILKISHBANU RAFIKBHAI,IND,307
159,Surat East,SALIM AKBARBHAI MULTANI,AAP,299
159,Surat East,NIRBAN FARUQ SHABBIR,,283
159,Surat East,LIMBUWALA MO ILYAS ABDUL LATIF,IND,192
159,Surat East,DIWAN SADIKBHAI AMISHABHAI,IND,117
159,Surat East,PATHAN YUSUFKHAN RASULKHAN,IND,113
159,Surat East,KODAVALA IMRAN NIZAMUDDIN,IND,111
159,Surat East,KHER PARESKHKUMAR ANANDRAV,IND,111
159,Surat East,MANSURI SABIHA HARUN GULAM MOHMAD,IND,110
159,Surat East,MAISURIYA AMRUTLAL UTTAMLAL ALIAS VIJAY MAISURIYA,,104
159,Surat East,MANSURI MOHMAD HARUN GULAM MOHMAD,IND,88
159,Surat East,None of the Above,NOTA,1168
160,Surat North,BALAR KANTIBHAI HIMMATBHAI,BJP,58788
160,Surat North,KACHHADIYA DINESHBHAI MANUBHAI,INC,38766
160,Surat North,SOLANKI RITESHBHAI NARESHBHAI,AIHCP,522
160,Surat North,ABDULSAMAD ABDULMAJID MUNSHI,BSP,439
160,Surat North,RIYAZ NURMOHAMMAD NAGORI,IND,298
160,Surat North,MO.ZAMEER ABDULREHMAN NAGORI,IND,202
160,Surat North,MAISURIYA AMRUTLAL UTTAMLAL (VIJAY MAISURIYA),,188
160,Surat North,KAZI NAZMUDDIN RAFIYUDDIN,IND,185
160,Surat North,TAILOR GULMOHMAD USHAMANGANI,IND,122
160,Surat North,TOFIQ MAHEMUD NAGORI,IND,112
160,Surat North,PATHAN SIRAJKHAN HOSHIYARKHAN,IND,106
160,Surat North,KAPADIA MOHMADIRFAN GULAMMAHAMAD,IND,94
160,Surat North,None of the Above,NOTA,912
161,Varachha Road,KISHOR KANANI (KUMAR),BJP,68472
161,Varachha Road,GAJERA DHIRUBHAI HARIBHAI,INC,54474
161,Varachha Road,SATISH PRAJAPATI (S.P.),IND,388
161,Varachha Road,VIJAY MANGUKIYA (MAHADEV),NCP,264
161,Varachha Road,SAVALIYA HANISHA TUSHARKUMAR,BSP,195
161,Varachha Road,LALJIBHAI HIRPARA (JANAKBHAI HIRPARA),,147
161,Varachha Road,NITIN DHAMELIYA,AIHCP,106
161,Varachha Road,DANKHARA VIJAYBHAI NARHARIBHAI,,85
161,Varachha Road,None of the Above,NOTA,1060
162,Karanj,GHOGHARI PRAVINBHAI MANJIBHAI,BJP,58673
162,Karanj,BHUMBHALIYA BHAVESHBHAI GOVINDBHAI (ADVOCATE),INC,23075
162,Karanj,BHIMJIBHAI V.PATEL (BUDHANA),IND,4464
162,Karanj,ZALAVADIYA  JAYSUKHBHAI  DEVCHANDBHAI,IND,910
162,Karanj,LADUMOR HIMMATBHAI BAGHABHAI,AIHCP,534
162,Karanj,GHANSHYAMBHAI CHHAGANBHAI SARVAIYA,,328
162,Karanj,MUKESHBHAI JAGABHAI DOBARIYA,IND,326
162,Karanj,MEHTA JIGNESH DHIRAJLAL,AAP,325
162,Karanj,SHAIKH MOHSIN ANVAR,,281
162,Karanj,BARAIYA RAMESHBHAI PARSOTTAMBHAI,IND,147
162,Karanj,JALONDHARA JITUBEN DHANJIBHAI,RDP,119
162,Karanj,BHADANI HASMUKHBHAI KANUBHAI,,111
162,Karanj,DODIYA RAMDEVSINH HEMANTSINH,IND,101
162,Karanj,None of the Above,NOTA,900
163,Limbayat,PATIL SANGITABEN RAJENDRABHAI,BJP,93585
163,Limbayat,DR. RAVINDRA  SUKLAL PATIL,INC,61634
163,Limbayat,AKRAM VAHIDULLA ANSARI,NCP,5132
163,Limbayat,SAMRAT ABHIMAN PATIL,SHI,4075
163,Limbayat,PATEL DASHRATH PRABHUDUTT,IND,835
163,Limbayat,"SATYENDRA SINGH ""KRANTIKARI""",SUCI,709
163,Limbayat,MANUBHAI MAYABHAI AHIR,BSP,705
163,Limbayat,JAIN RAJENDRAKUMAR ANILKUMAR,IND,619
163,Limbayat,BHARATBHAI BABUBHAI RAKHOLIYA (PATEL),CPIM,591
163,Limbayat,RASHA RAJU UPPALAYA,AAP,384
163,Limbayat,KOLI DASHRATH LOTANBHAI,IND,347
163,Limbayat,CHAUHAN ANILBHAI LALJIBHAI,IND,287
163,Limbayat,VARDE RAJU BHIMRAO,BMP,255
163,Limbayat,GIRDHAR BRIJLAL CHAUDHARI,IND,203
163,Limbayat,HEMANT SURESH SONI,RSP,182
163,Limbayat,SHEKH HAMID RAMJAN,,147
163,Limbayat,None of the Above,NOTA,940
164,Udhna,PATEL VIVEK NAROTTAMBHAI,BJP,87884
164,Udhna,PATEL SATISHBHAI CHAMPAKBHAI,INC,45356
164,Udhna,VILAS SUBHASH PATIL,SHI,2901
164,Udhna,SONVANE SURYAVARDHAN RAMESH,IND,1583
164,Udhna,BAISANE SHILABEN SUBHASHBHAI,BMP,555
164,Udhna,SURYAVANSHI HARISHBHAI CHAMPAKLAL,NCP,482
164,Udhna,DINESHBHAI RAMDASBHAI BORSE,IND,394
164,Udhna,SIKALKAR JAGADISHSING NATHTHASING,,339
164,Udhna,SURATI KIRITBHAI LALUBHAI,IND,297
164,Udhna,SHARMA ARUN SHRICHANDRA,AIHCP,270
164,Udhna,PATEL HIRABHAI MAGANBHAI,IND,206
164,Udhna,SINGH MAHESH SAMARBAHADUR,,181
164,Udhna,THAKUR CHANDANSINH SHIVVADANSINH,IND,173
164,Udhna,None of the Above,NOTA,1475
165,Majura,HARSH RAMESHKUMAR SANGHAVI,BJP,116741
165,Majura,KOTHARI ASHOK MOHANLAL,INC,30914
165,Majura,VYAS JIGAR ASHOKBHAI,SHI,539
165,Majura,NIRMALA GOVINDBHAI TATE,,474
165,Majura,LATABEN ASHOKKUMAR DWIVEDI,IND,447
165,Majura,DESAI ALPESH ISHWARBHAI,NCP,440
165,Majura,PATEL MANOJKUMAR DAHYABHAI,,266
165,Majura,VORA LAXMANBHAI DAHYABHAI,IND,229
165,Majura,SHARMA RAJMAL MOHANLAL (RAJUBHAI),,190
165,Majura,PALGHADMAL SIMABEN SHASHIKANT,,125
165,Majura,None of the Above,NOTA,1938
166,Katargam,VINODBHAI AMARSHIBHAI MORADIYA (VINUBHAI NINGALA),BJP,125387
166,Katargam,JIGNESH JIVANI (MEVASA),INC,46157
166,Katargam,NAGAJIBHAI B. AMBALIYA,AAP,4135
166,Katargam,DINESHBHAI JIKADARA (PRAJAPATI),IND,872
166,Katargam,NAYAN NATHUBHAI MAVANI,NCP,505
166,Katargam,BALAVANTBHAI HIRAJIBHAI VARIYA,SHI,395
166,Katargam,JAYKUMAR JASHBHAI PATEL (GOPU),IND,275
166,Katargam,SHAH FAKIR AKABAR LIYAKAT,IND,236
166,Katargam,SONDARAVA BHARATBHAI KANJIBHAI,,188
166,Katargam,PANCHAL UMESH,,156
166,Katargam,PATEL VINODKUMAR KARASHANBHAI,,140
166,Katargam,ALPESHBHAI HARIBHAI ITALIYA,IND,112
166,Katargam,SHEKH RAUSHANAARA,,106
166,Katargam,RAJESHKUMAR DHARAMSHIBHAI PIPALYA,APSP,60
166,Katargam,None of the Above,NOTA,1693
167,Surat West,PURNESH MODI,BJP,111615
167,Surat West,PATEL IQBAL DAUD,INC,33733
167,Surat West,ROCHANI SONAL CHETANBHAI,IND,461
167,Surat West,NILPESHKUMAR JASHVANTBHAI PATEL,AIHCP,458
167,Surat West,PALIWAL RAVISHANKAR CHUNILAL,NCP,451
167,Surat West,DATA HURBANU MOSALIM,BSP,419
167,Surat West,SELOD MOHAMAD SALIM YUSUF SELOD,IND,270
167,Surat West,LOKARE PRASHANT JAYAVANT,SHI,208
167,Surat West,SHAH SOEB MUSTAK,IND,185
167,Surat West,SHAIKH ALIHEDAR JILANI,IND,122
167,Surat West,SHAH FARAJANABIBI,IND,117
167,Surat West,DILIPKUMAR NATVARLAL PAREKH,IND,92
167,Surat West,BARSING SACHIN SURESH,,89
167,Surat West,SHAH ALIMUNBI MEHBUB,IND,71
167,Surat West,None of the Above,NOTA,1986
168,Choryasi,PATEL ZANKHANA HITESHKUMAR,BJP,173882
168,Choryasi,PATEL YOGESH BHAGWAN,INC,63063
168,Choryasi,AJAY CHAUDHARI,IND,9708
168,Choryasi,RAJBHAR RAMSINGH GANESH,BSP,1698
168,Choryasi,RAJPUT ARVIND UTTAMSINH,SHI,1104
168,Choryasi,BHUPENDRA RAMAKANT SONVANE (BHAAU),IND,841
168,Choryasi,PATHAN NURMAHMED NABIALAM,IND,792
168,Choryasi,SHINDE RANJAN JAGAN,BMP,661
168,Choryasi,VINODBHAI UDAYBHAI AHIR,,334
168,Choryasi,PATEL YOGESH VIRAMBHAI,RSP,332
168,Choryasi,RAMJAN BHILUBHAI MANSURI (JOURNALIST),,228
168,Choryasi,SHARMA RAJMAL MOHANLAL (RAJUBHAI),,193
168,Choryasi,None of the Above,NOTA,2842
169,Bardoli,ISHWARBHAI (ANIL) RAMANBHAI PARMAR,BJP,94774
169,Bardoli,TARUNKUMAR JAGUBHAI VAGHELA,INC,59920
169,Bardoli,RAJESHBHAI LALLUBHAI SOLANKI,IND,1599
169,Bardoli,NANAJIBHAI LAKHABHAI MAKADIA,BSP,1186
169,Bardoli,MAHYAVANSHI NATVARBHAI DAHYABHAI,IND,666
169,Bardoli,None of the Above,NOTA,3714
170,Mahuva,DHODIYA MOHANBHAI DHANJIBHAI,BJP,82607
170,Mahuva,CHAUDHARI DR. TUSHARBHAI AMARSINHBHAI,INC,76174
170,Mahuva,GAMIT MANHARBHAI LAKHABHAI,,1622
170,Mahuva,CHAUDHARI MADANBHAI UDESINGBHAI,AIHCP,1430
170,Mahuva,None of the Above,NOTA,3157
171,Vyara,GAMIT PUNABHAI DHEDABHAI,INC,88576
171,Vyara,CHAUDHARI ARVINDBHAI RUMSIBHAI,BJP,64162
171,Vyara,SHANKARBHAI BABUBHAI DHODIA,IND,1473
171,Vyara,GAMIT KAUSHIKBHAI VIRENDRABHAI,,999
171,Vyara,GAMIT BIPINBHAI GOVINDBHAI,IND,594
171,Vyara,GAMIT SANDIPBHAI MOHANBHAI,AIHCP,521
171,Vyara,CHAUDHARI RAMESHBHAI CHANDUBHAI,,411
171,Vyara,KISHANBHAI NATUBHAI GAMIT,IND,382
171,Vyara,None of the Above,NOTA,3836
172,Nizar,SUNILBHAI RATANJIBHAI GAMIT,INC,106234
172,Nizar,KANTILALBHAI RESHMABHAI GAMIT,BJP,83105
172,Nizar,DHAVALBHAI VIJAYBHAI CHAUDHARI,IND,4137
172,Nizar,CHUNILAL DHARUBHAI VALVI,CPI,4066
172,Nizar,SURESHBHAI NAVALSINGH VASAVE,IND,2369
172,Nizar,MOVALYABHAI NOPARIYABHAI GAMIT,BSP,1461
172,Nizar,None of the Above,NOTA,4095
173,Dangs,GAVIT MANGALBHAI GANGAJIBHAI,INC,57820
173,Dangs,PATEL VIJAYBHAI RAMESHBHAI,BJP,57052
173,Dangs,PAWAR DINESHBHAI GULABBHAI,IND,3035
173,Dangs,CHAUDHARI TULSIRAMBHAI JANABHAI,NCP,1304
173,Dangs,BHOYE YOGESHBHAI SONIRAVBHAI,AIHCP,1277
173,Dangs,None of the Above,NOTA,2184
174,Jalalpore,R.C. PATEL,BJP,86411
174,Jalalpore,PARIMAL NANUBHAI PATEL,INC,60747
174,Jalalpore,BHATT DHANANJAYBHAI NANUBHAI,IND,2808
174,Jalalpore,RATHOD GUNVANT SHANABHAI,BSP,912
174,Jalalpore,PATIL ARJUN OMKAR,IND,698
174,Jalalpore,GOVINDBHAI G. PANCHASARA,IND,475
174,Jalalpore,NARESH B. NAIK (MAHADEV),IND,296
174,Jalalpore,None of the Above,NOTA,3225
175,Navsari,PIYUSHBHAI DINKERBHAI DESAI,BJP,100060
175,Navsari,BHAVNABEN ANILBHAI PATEL,INC,53965
175,Navsari,NARESH B. NAIK (MAHADEV),IND,1121
175,Navsari,SANTOSH NAGINBHAI DANTANI,IND,882
175,Navsari,JOHAR IBRAHIM SHAIKH,IND,784
175,Navsari,SHREE PERCY NAVROZE MUNSHI,GHCP,782
175,Navsari,DARSHINBHAI LAXMANBHAI PATEL,BSP,769
175,Navsari,KAZI ZAHIDBHAI MOHMED ILYAS,NCP,649
175,Navsari,CHETANKUMAR RAMANLAL PATEL (INDIAN PATEL),IND,441
175,Navsari,KRUTIKA BANKIMBHAI VAIDYA,IND,235
175,Navsari,GOVINDBHAI LAXMANBHAI RATHOD (RIKSHAWALA),IND,232
175,Navsari,PANKHANIA KANTIBHAI RANCHODBHAI,APSP,185
175,Navsari,None of the Above,NOTA,2407
176,Gandevi,PATEL NARESHBHAI MAGANBHAI,BJP,124010
176,Gandevi,SURESHBHAI MAGANBHAI HALPATI,INC,66749
176,Gandevi,SUNILKUMAR KANJIBHAI PATEL,IND,6077
176,Gandevi,None of the Above,NOTA,3572
177,Vansda,ANANTKUMAR HASMUKHBHAI PATEL,INC,110756
177,Vansda,MAHLA GANPATBHAI ULUKBHAI,BJP,92363
177,Vansda,SHANKAR MANAKBHAI JATRUBHAI,BSP,2183
177,Vansda,PATEL ALPESHKUMAR CHHOTUBHAI,,1860
177,Vansda,PATEL ARVINDBHAI KALIDAS,,1118
177,Vansda,None of the Above,NOTA,4563
178,Dharampur,ARVIND CHHOTUBHAI PATEL,BJP,94944
178,Dharampur,ISHVARBHAI DHEDABHAI PATEL,INC,72698
178,Dharampur,PATEL LAXMANBHAI CHUNILAL,BSP,2572
178,Dharampur,MANGUBHAI SAVLUBHAI PADVI,AIHCP,2464
178,Dharampur,KHARPADI GULABBHAI JANUBHAI,BMP,991
178,Dharampur,None of the Above,NOTA,3711
179,Valsad,BHARATBHAI KIKUBHAI PATEL,BJP,101736
179,Valsad,TANDEL NARENDRAKUMAR JAGUBHAI,INC,58644
179,Valsad,PATEL CHETANKUMAR MANGUBHAI,IND,3973
179,Valsad,SIRASAT ASHOKBHAI ATMARAM,BSP,810
179,Valsad,PROFESSOR RAJNIKANT NANUBHAI DESAI,,442
179,Valsad,JATINKUMAR PRAVINBHAI PATEL,AAP,347
179,Valsad,DODIYA MAHENDRASINH MOHANSINH,IND,297
179,Valsad,None of the Above,NOTA,1926
180,Pardi,DESAI KANUBHAI MOHANLAL,BJP,98379
180,Pardi,BHARATBHAI MOHANBHAI PATEL,INC,46293
180,Pardi,ADVOCATE PURVA  PRADIP GAJARE,IND,1021
180,Pardi,PATEL NATVARLAL ZINABHAI,IND,835
180,Pardi,PARMAR GIRISHBHAI JIVANBHAI,BSP,826
180,Pardi,ABBAJI DHYANU JADAV,SHI,620
180,Pardi,SHANKARBHAI  ALIAS MAHENDRASHANKAR RAMSURATBHAI  ALIAS RAMSURAT YADAV,SP,584
180,Pardi,DR. RAJIV SHAMBHUNATH PANDEY,AAP,539
180,Pardi,BHANUSHALI AMIT RAJUBHAI,IND,455
180,Pardi,RAJESHBHAI CHIMANBHAI PATEL,AIHCP,378
180,Pardi,PATEL SANJAYBHAI DAHYABHAI,IND,277
180,Pardi,PATEL NAVINKUMAR SHANKARBHAI,IND,239
180,Pardi,BHATKAR MUKESHBHAI RAMJIBHAI,,149
180,Pardi,None of the Above,NOTA,2583
181,Kaprada,CHAUDHARI JITUBHAI HARJIBHAI,INC,93000
181,Kaprada,RAUT MADHUBHAI BAPUBHAI,BJP,92830
181,Kaprada,GANVIT JAYENDRABHAI LAXMANBHAI,MNP,2430
181,Kaprada,DHIRUBHAI NAGARBHAI PATEL,AIHCP,1931
181,Kaprada,GURAV KAMLESHBHAI SHRAVANBHAI,CPIML,1362
181,Kaprada,None of the Above,NOTA,3868
182,Umbergaon,PATKAR RAMANLAL NANUBHAI,BJP,96004
182,Umbergaon,PATEL ASHOKBHAI MOHNABHAI,INC,54314
182,Umbergaon,BOCHAL HASMUKHBHAI RAMANBHAI,CPIM,1348
182,Umbergaon,SHAILESHBHAI UKADBHAI DABHADIA,IND,1334
182,Umbergaon,NARESHBHAI UKKADBHAI OZARIYA,IND,989
182,Umbergaon,VADIYA LAXMANBHAI CHHAGANBHAI,CPIML,528
182,Umbergaon,GOVINDBHAI VESTABHAI PATEL,AIHCP,461
182,Umbergaon,None of the Above,NOTA,2750
